"variable","n_missing","mean","sd","min","median","max"
"log_access_pct_quota",0,4.619,1.292,1.609,4.5,8.075
"planned_months",0,32.578,7.562,7.195,35.975,47.967
"n_reviews_sched",0,6.595,2.272,2,6,16
"n_struct_cond",1,10.674,4.976,2,10,26
"n_prior_actions",1,2.791,2.984,0,2,16
"prev_n_20y",0,3.353,2.057,0,3,8
"years_since_prev",11,4.086,6.815,0,1.624,47.74
"growth",5,4.035,4.23,-8.694,4.15,24.455
"inflation",8,7.733,7.93,-17.689,5.5,48.041
"current_account_gdp",10,-8.623,11.773,-92.491,-6.195,15.357
"concessional",0,0.636,0.483,0,1,1
"extended",0,0.694,0.462,0,1,1
"no_track_record",0,0.064,0.245,0,0,1
