"variable","completed","interrupted","p_value","difference"
"log_access_pct_quota",4.312,4.96,0.001,0.649
"planned_months",32.328,32.857,0.647,0.529
"n_reviews_sched",5.934,7.329,0,1.395
"n_struct_cond",10.154,11.259,0.151,1.105
"n_prior_actions",2.429,3.198,0.091,0.769
"prev_n_20y",3.374,3.329,0.889,-0.044
"years_since_prev",3.583,4.685,0.32,1.103
"growth",4.521,3.487,0.119,-1.034
"inflation",7.989,7.441,0.662,-0.547
"current_account_gdp",-9.716,-7.341,0.184,2.375
"concessional",0.736,0.524,0.004,-0.212
"extended",0.791,0.585,0.004,-0.206
"no_track_record",0.033,0.098,0.091,0.065
