"Member.Code","Member","approval_date","approval_year","Facility","facility_type","arr_id","interrupted","log_access_pct_quota","planned_months","n_reviews_sched","n_struct_cond","n_prior_actions","prev_n_20y","years_since_prev","growth","inflation","current_account_gdp","concessional","extended","no_track_record"
"CIV","Cote d'Ivoire",2002-03-29,2002,"Extended Credit Facility","ECF",516,1,4.49980967033027,35.9753593429158,6,9,5,8,1.03490759753593,3.48586005036411,3.59868287067355,-4.29178752504653,1,1,0
"URY","Uruguay",2002-04-01,2002,"Stand-By Arrangement","SBA",535,0,5.26682669945667,23.9835728952772,5,10,0,6,0.0027378507871321,2.50000000000001,9.5,-2.19999999999995,0,0,0
"CPV","Cabo Verde",2002-04-10,2002,"Extended Credit Facility","ECF",515,0,4.49980967033027,35.9753593429158,6,4,2,0,1.59890485968515,5.34629404617255,2.87499999999998,-16.3608006038016,1,1,1
"ALB","Albania",2002-06-21,2002,"Extended Credit Facility","ECF",507,0,4.0517849478033,35.9753593429158,6,13,4,3,1.1088295687885,6.50000000000017,2.99999979376748,-8.30000000000011,1,1,0
"JOR","Jordan",2002-07-03,2002,"Stand-By Arrangement","SBA",505,0,3.91202300542815,23.9835728952772,3,5,3,5,0.219028062970568,5.06401239294172,3.52632048353125,-0.254106871580065,0,0,0
"GMB","Gambia, The",2002-07-18,2002,"Extended Credit Facility","ECF",520,1,4.17438726989564,35.9753593429158,6,5,3,4,1.05407255304586,5.51116261671372,2.99999999999969,-4.12652751099312,1,1,0
"BIH","Bosnia and Herzegovina",2002-08-02,2002,"Stand-By Arrangement","SBA",506,0,3.68887945411394,14.9815195071869,4,16,5,1,3.1813826146475,5.10003148033564,2.29999119996855,-29.8538888888889,0,0,0
"RWA","Rwanda",2002-08-12,2002,"Extended Credit Facility","ECF",529,0,1.6094379124341,35.9753593429158,6,12,5,2,1.13620807665982,5.75933280786414,3.00000000000009,-8.29255677787644,1,1,0
"DMA","Dominica",2002-08-28,2002,"Stand-By Arrangement","SBA",518,1,3.68887945411394,11.958932238193,4,14,1,2,12.7556468172485,1.00401227385278,1.70000000000041,-16.8864581369652,0,0,0
"BRA","Brazil",2002-09-06,2002,"Stand-By Arrangement","SBA",513,0,6.62233730818342,15.8028747433265,5,13,0,5,0,2.48923628025213,6.08499634624609,-3.72223210146444,0,0,0
"UGA","Uganda",2002-09-13,2002,"Extended Credit Facility","ECF",501,0,2.01490302054226,35.9753593429158,6,8,0,5,1.8425735797399,5.72591378840668,-1.79038851798476,-12.3598840603093,1,1,0
"TJK","Tajikistan, Republic of",2002-12-11,2002,"Extended Credit Facility","ECF",502,0,4.31348009213877,35.9753593429158,6,9,5,2,1.46748802190281,6.99962468500348,10.7000006716626,-4.22285277094006,1,1,0
"NIC","Nicaragua",2002-12-13,2002,"Extended Credit Facility","ECF",527,0,4.31748811353631,35.9753593429158,8,14,3,3,1.74127310061602,3.50000000000001,4.50000000000013,-24.2,1,1,0
"ARG","Argentina",2003-01-24,2003,"Stand-By Arrangement","SBA",510,0,4.63181211693451,7.19507186858316,3,14,0,8,0,1.03425920151121,48.0411748683522,15.3567274312314,0,0,0
"ECU","Ecuador",2003-03-21,2003,"Stand-By Arrangement","SBA",509,1,3.91202300542815,13.0102669404517,4,17,9,8,1.92197125256674,3.4999999999999,8.89999999999986,-6.60000000000002,0,0,0
"BOL","Bolivia",2003-04-02,2003,"Stand-By Arrangement","SBA",512,0,3.91202300542815,11.9917864476386,4,8,2,5,1.53867214236824,2.5000000000001,4.40000000000014,-4.50000000000001,0,0,0
"LKA","Sri Lanka",2003-04-18,2003,"Extended Fund Facility + Extended Credit Facility","Blend",504,1,4.60517018598809,35.9753593429158,6,10,1,4,0.829568788501027,5.49999824167531,5.8659072233769,-2.41332582098166,1,1,0
"SEN","Senegal",2003-04-28,2003,"Extended Credit Facility","ECF",530,1,2.70805020110221,35.9753593429158,6,6,2,8,2.02327173169062,6.63645095105219,1.99999999999945,-5.80980946382554,1,1,0
"GHA","Ghana",2003-05-09,2003,"Extended Credit Facility","ECF",521,0,3.91202300542815,35.9753593429158,6,7,5,7,1.01848049281314,4.69999999999984,11.7963983248915,-5.61953295972377,1,1,0
"BFA","Burkina Faso",2003-06-11,2003,"Extended Credit Facility","ECF",514,0,3.68887945411394,35.9753593429158,6,7,2,4,0.752908966461328,4.72530109443803,3.0000000000002,-11.0769080852144,1,1,0
"BGD","Bangladesh",2003-06-20,2003,"Extended Credit Facility","ECF",511,1,4.17592454921452,35.9753593429158,6,9,9,3,9.86173853524983,5.50000000000004,4.50000000000004,-1.99999999999999,1,1,0
"MRT","Mauritania",2003-07-18,2003,"Extended Credit Facility","ECF",525,1,2.30258509299405,35.9753593429158,6,10,3,8,0.993839835728953,5.2856733279995,4,-5.49568588168631,1,1,0
"TZA","Tanzania",2003-08-16,2003,"Extended Credit Facility","ECF",534,0,2.29253475714054,35.9753593429158,6,8,1,5,0.369609856262834,5.96925083598538,4.19339863111192,-3.67181345966547,1,1,0
"DOM","Dominican Republic",2003-08-29,2003,"Stand-By Arrangement","SBA",539,1,5.29831736654804,23.9835728952772,8,12,8,3,9.42094455852156,1.70000000000006,14.3999999999997,-5.20000000000004,0,0,0
"ARG","Argentina",2003-09-20,2003,"Stand-By Arrangement","SBA",508,1,6.05020504213058,35.9753593429158,12,18,0,8,0.054757015742642,3.00000000000027,22.2590561898157,7.77936021317536,0,0,0
"NPL","Nepal",2003-11-19,2003,"Extended Credit Facility","ECF",526,1,4.24849524204936,35.9753593429158,6,17,4,3,8.12594113620808,2.30000000000021,4.70000000000002,-0.994550379784142,1,1,0
"KEN","Kenya",2003-11-21,2003,"Extended Credit Facility","ECF",524,1,4.16666522380173,35.9753593429158,6,12,3,6,0.301163586584531,1.29907344780633,12.3794481473198,-3.0714160366238,1,1,0
"DMA","Dominica",2003-12-29,2003,"Extended Credit Facility","ECF",519,0,4.54116485601218,35.9753593429158,7,6,1,3,0.339493497604381,-0.99999999999999,0.499999999999745,-14.5353497694866,1,1,0
"BDI","Burundi",2004-01-23,2004,"Extended Credit Facility","ECF",538,0,4.49980967033027,35.9753593429158,6,4,2,2,9.19644079397673,5.39413071045007,7.23472060067452,-8.1263963922476,1,1,0
"HND","Honduras",2004-02-27,2004,"Extended Credit Facility","ECF",542,1,4.00733318523247,35.9753593429158,6,13,3,3,1.927446954141,2.50000000000001,7.89999999999962,-5.50000000000002,1,1,0
"GAB","Gabon",2004-05-28,2004,"Stand-By Arrangement","SBA",540,0,3.80666248977032,13.0759753593429,4,20,6,6,2.09993155373032,1.14605362754756,1.99999999999974,-5.8053056332881,0,0,0
"GEO","Georgia",2004-06-04,2004,"Extended Credit Facility","ECF",541,0,4.17745946893261,35.9425051334702,6,15,4,3,0.396988364134155,6.00000000000001,5.80000000000005,-9.44885707617652,1,1,0
"ZMB","Zambia",2004-06-16,2004,"Extended Credit Facility","ECF",547,0,3.80666248977032,35.9425051334702,6,9,2,4,2.23134839151266,3.54679175681898,18.5149053369921,-13.0174785618768,1,1,0
"MLI","Mali",2004-06-23,2004,"Extended Credit Facility","ECF",543,0,2.30258509299405,35.9425051334702,6,5,2,5,1.88364134154689,4.87720068132815,2.50000000000021,-6.19498583179545,1,1,0
"MOZ","Mozambique",2004-07-06,2004,"Extended Credit Facility","ECF",544,0,2.30258509299405,35.9425051334702,6,12,0,4,2.02600958247776,8.38880000000004,11.4716915482173,-13.0849331982529,1,1,0
"COG","Congo, Republic of",2004-12-06,2004,"Extended Credit Facility","ECF",550,1,4.17438726989564,35.9425051334702,6,16,3,4,5.44558521560575,4.00907656837175,1.99999999999998,1.55298056920738,1,1,0
"DOM","Dominican Republic",2005-01-31,2005,"Stand-By Arrangement","SBA",552,0,5.29831736654804,27.9260780287474,8,21,16,4,0,-0.400000000000056,27.4150953391695,5.19999999999995,0,0,0
"NER","Niger",2005-01-31,2005,"Extended Credit Facility","ECF",551,0,2.30258509299405,35.9425051334702,6,8,1,7,1.11430527036277,4.09958567627566,2.00000000000031,-6.36548781750447,1,1,0
"TCD","Chad",2005-02-16,2005,"Extended Credit Facility","ECF",553,1,3.80666248977032,35.9425051334702,6,6,5,4,2.11362080766598,12.7228821172126,2.98720788319848,-7.48663493952554,1,1,0
"KGZ","Kyrgyz Republic",2005-03-15,2005,"Extended Credit Facility","ECF",554,0,2.30258509299405,35.9753593429158,6,8,0,4,0.27378507871321,5.64947054188212,4.1087068125121,-5.09436789191334,1,1,0
"TUR","Türkiye, Republic of",2005-05-11,2005,"Stand-By Arrangement","SBA",556,1,6.53828453109735,35.9753593429158,11,19,5,3,0.358658453114305,4.99999999999998,5.8659072233769,-4.52591137009772,0,0,0
"ARM","Armenia, Republic of",2005-05-25,2005,"Extended Credit Facility","ECF",557,0,3.2188758248682,35.9753593429158,6,9,2,3,1.00752908966461,8.00000000000001,2.98212517421004,-5.06547226050905,1,1,0
"URY","Uruguay",2005-06-08,2005,"Stand-By Arrangement","SBA",558,1,5.52146091786225,35.9753593429158,12,11,4,6,1.18822724161533,6.00000000000001,5.16100588339765,-2.79632377215444,0,0,0
"STP","Sao Tome & Principe",2005-08-01,2005,"Extended Credit Facility","ECF",561,0,3.68887945411394,35.9753593429158,6,10,2,2,2.26420260095825,3.19983871456524,15.0661710037175,-48.1664898195998,1,1,0
"BEN","Benin",2005-08-05,2005,"Extended Credit Facility","ECF",560,0,2.30258509299405,35.9753593429158,6,9,4,4,2.05612594113621,3.87701369098927,2.50000000000046,-8.15299468847482,1,1,0
"MWI","Malawi",2005-08-05,2005,"Extended Credit Facility","ECF",559,0,4.00733318523247,35.9753593429158,6,9,2,5,1.62628336755647,2.08849511120859,12.25,-5.95787367976564,1,1,0
"MKD","North Macedonia, Republic of",2005-08-31,2005,"Stand-By Arrangement","SBA",562,1,4.31748811353631,35.9753593429158,6,26,4,5,1.21013004791239,3.74951442906215,5.8659072233769,-7.23207096810398,0,0,0
"CMR","Cameroon",2005-10-24,2005,"Extended Credit Facility","ECF",563,0,2.30258509299405,35.9753593429158,6,15,0,6,1.84531143052704,2.81994821662284,1.29716981132075,-2.41659033551069,1,1,0
"ALB","Albania",2006-02-01,2006,"Extended Fund Facility + Extended Credit Facility","Blend",565,0,3.55534806148941,35.9753593429158,6,16,4,4,0.618754277891855,5,2.49999999999999,-7.8599606440861,1,1,0
"GRD","Grenada",2006-04-17,2006,"Extended Credit Facility","ECF",566,1,4.49980967033027,35.9753593429158,6,7,0,0,19.6495550992471,5.27868109674348,4.32189333336743,-30.0954165806084,1,1,0
"MDA","Moldova, Republic of",2006-05-05,2006,"Extended Credit Facility","ECF",567,1,4.17438726989564,35.9753593429158,6,17,6,4,2.37371663244353,6.00000000000001,9.40000000000001,-5.35714621029147,1,1,0
"SLE","Sierra Leone",2006-05-10,2006,"Extended Credit Facility","ECF",573,0,3.40119738166216,35.9753593429158,6,3,10,3,1.6208076659822,7.38243913886745,11.6829153554332,-5.88275550343044,1,1,0
"RWA","Rwanda",2006-06-12,2006,"Extended Credit Facility","ECF",569,0,2.30258509299405,35.9753593429158,6,8,1,3,0.835044490075291,2.99823617264039,5.49999999999997,-10.7897900242054,1,1,0
"AFG","Afghanistan, Islamic Republic of",2006-06-26,2006,"Extended Credit Facility","ECF",570,0,3.91202300542815,35.9753593429158,6,11,0,0,29.9466119096509,12,12.3380414559226,-1.97102984136646,1,1,0
"MDG","Madagascar",2006-07-21,2006,"Extended Credit Facility","ECF",571,1,3.80666248977032,35.9753593429158,6,10,7,6,2.39014373716632,4.74001631033714,11.2060559853766,-10.457200028531,1,1,0
"HTI","Haiti",2006-11-20,2006,"Extended Credit Facility","ECF",572,0,4.49980967033027,35.9753593429158,6,22,7,4,7.09377138945927,2.54000000000001,14.2270758232105,0,1,1,0
"MRT","Mauritania",2006-12-18,2006,"Extended Credit Facility","ECF",574,1,3.2188758248682,35.9753593429158,6,8,1,6,0.421629021218344,13.9005899946562,6.41125879593432,-3.08138969635877,1,1,0
"CAF","Central African Republic",2006-12-22,2006,"Extended Credit Facility","ECF",575,0,4.17438726989564,35.9753593429158,6,10,1,3,5.42642026009583,3.49999998538697,5.10747526314994,-3.26636098995118,1,1,0
"GMB","Gambia, The",2007-02-21,2007,"Extended Credit Facility","ECF",577,0,3.80666248977032,35.9753593429158,6,16,3,3,1.59890485968515,6.99211445516545,3.20954850439739,-21.8739214534392,1,1,0
"BFA","Burkina Faso",2007-04-23,2007,"Extended Credit Facility","ECF",578,1,2.30258509299405,35.9753593429158,6,10,0,5,0.867898699520876,6.45527289465093,2,-10.646854747873,1,1,0
"NIC","Nicaragua",2007-10-05,2007,"Extended Credit Facility","ECF",586,0,4.00733318523247,35.9753593429158,6,11,0,4,1.81245722108145,4.16077906134789,8.21000000000001,-15.7824079234668,1,1,0
"GIN","Guinea",2007-12-21,2007,"Extended Credit Facility","ECF",589,1,3.80666248977032,35.9753593429158,6,17,8,3,3.63860369609856,1.50975547288406,23.363283551329,-9.4572517380669,1,1,0
"LBR","Liberia",2008-03-14,2008,"Extended Fund Facility + Extended Credit Facility","Blend",590,0,6.10991402730753,35.9425051334702,6,13,0,0,21.7713894592745,9.55846953050792,10.5794272966879,-6.42708652076381,1,1,0
"TGO","Togo",2008-04-21,2008,"Extended Credit Facility","ECF",592,0,4.49980967033027,35.9425051334702,6,7,2,2,10.5982203969884,3,4.05109210601968,-7.85352074715458,1,1,0
"MLI","Mali",2008-05-28,2008,"Extended Credit Facility","ECF",593,0,3.40119738166216,35.9425051334702,6,5,1,5,0.933607118412047,5.42156349682019,2.49999999999999,-7.20436668540765,1,1,0
"NER","Niger",2008-06-02,2008,"Extended Credit Facility","ECF",595,1,3.55534806148941,35.9425051334702,6,5,0,5,0.339493497604381,4.4379904513923,5.09999999999999,-9.6042951060951,1,1,0
"ZMB","Zambia",2008-06-04,2008,"Extended Credit Facility","ECF",594,0,2.30258509299405,35.9425051334702,6,10,0,3,0.971937029431896,6.2311082713385,8.60172842348939,-4.89576880811109,1,1,0
"BDI","Burundi",2008-07-07,2008,"Extended Credit Facility","ECF",596,0,4.0943445622221,35.9425051334702,6,6,5,2,1.45653661875428,4.52958189654742,19.0713402412837,-17.3138064722318,1,1,0
"GEO","Georgia",2008-09-15,2008,"Stand-By Arrangement","SBA",597,0,5.76016280809231,17.9055441478439,6,6,0,4,1.28678986995209,3.49999999999964,9.9574514302893,-20.7597947311262,0,0,0
"DJI","Djibouti",2008-09-17,2008,"Extended Credit Facility","ECF",598,0,4.38202663467388,35.9425051334702,6,11,0,2,5.9192334017796,22.5660014890051,8.12999999999999,-33.5487177329672,1,1,0
"UKR","Ukraine",2008-11-05,2008,"Stand-By Arrangement","SBA",599,1,6.68673447304891,23.9507186858316,8,10,4,4,7.17316906228611,6.02630473519168,25.6109418601437,-6.15824764456263,0,0,0
"HUN","Hungary",2008-11-06,2008,"Stand-By Arrangement","SBA",600,0,6.92244682772513,16.9199178644764,5,3,0,3,13.8973305954825,1.81065512031473,6.29999999999999,-6.24980131291375,0,0,0
"SYC","Seychelles",2008-11-14,2008,"Stand-By Arrangement","SBA",601,1,5.29831736654804,23.9507186858316,7,4,0,0,1.59890485968515,3.09999999999995,32.2043677171939,-28.7849317667317,0,0,1
"ARM","Armenia, Republic of",2008-11-17,2008,"Extended Credit Facility","ECF",602,1,2.30258509299405,35.9425051334702,6,12,0,4,0.484599589322382,10,9.15849890643192,-9.712362628583,1,1,0
"ISL","Iceland",2008-11-19,2008,"Stand-By Arrangement","SBA",603,1,7.08212866592692,23.9507186858316,8,7,2,0,47.7399041752224,1.64293890426623,12.6689204763734,-6.42708652076381,0,0,0
"PAK","Pakistan",2008-11-24,2008,"Stand-By Arrangement","SBA",604,1,6.21460809842219,22.9322381930185,7,9,3,7,3.96988364134155,5.80000001922087,11.9999999884504,-8.37301920505041,0,0,0
"MWI","Malawi",2008-12-03,2008,"Exogenous Shocks Facility","SCF",627,1,4.31748811353631,11.958932238193,2,10,2,4,0.331279945242984,7.96871991925676,6.00000000000001,-7.9164799621833,1,0,0
"COG","Congo, Republic of",2008-12-08,2008,"Extended Credit Facility","ECF",607,0,2.30258509299405,35.9425051334702,6,11,1,4,1.01026694045175,9.08762794305567,4.0101561204958,-92.4907347331467,1,1,0
"KGZ","Kyrgyz Republic",2008-12-10,2008,"Exogenous Shocks Facility","SCF",628,1,4.31748811353631,17.9383983572895,3,6,0,5,0.741957563312799,4.4379904513923,5.8659072233769,-6.42708652076381,1,0,0
"LVA","Latvia, Republic of",2008-12-23,2008,"Stand-By Arrangement","SBA",605,1,7.09007683577609,26.9075975359343,9,10,3,2,13.7796030116359,-2.00991132575453,15.4790317081486,-14.0528198971582,0,0,0
"BLR","Belarus, Republic of",2009-01-12,2009,"Stand-By Arrangement","SBA",608,0,6.03739347899638,14.9158110882957,4,4,5,1,12.3367556468172,1.42919477401797,15.7321838654959,-5.44709887689588,0,0,0
"YFR","Serbia, Republic of",2009-01-16,2009,"Stand-By Arrangement","SBA",606,0,4.31748811353631,14.9158110882957,2,2,3,2,3.67967145790554,3.49999999999999,7.91632224687817,-16.0135458081301,0,0,0
"STP","Sao Tome & Principe",2009-03-02,2009,"Extended Credit Facility","ECF",610,1,3.55534806148941,35.9753593429158,6,15,2,3,0.58590006844627,24.4546528970087,18.0557739606755,0,1,1,0
"ARM","Armenia, Republic of",2009-03-06,2009,"Stand-By Arrangement","SBA",611,1,5.99146454710798,27.958932238193,9,3,0,5,0,-1.50000000000036,4.50151491557478,-18.6790179785603,0,0,0
"CIV","Cote d'Ivoire",2009-03-27,2009,"Extended Credit Facility","ECF",612,1,4.74493212836325,35.9753593429158,6,12,6,5,3.99726214921287,3.70414841227864,5.93181444675375,0.429030227500548,1,1,0
"MNG","Mongolia",2009-04-01,2009,"Stand-By Arrangement","SBA",613,0,5.7037824746562,18.0041067761807,6,7,3,4,4.50924024640657,2.65209217546805,10.07,-6.48868522402315,0,0,0
"TJK","Tajikistan, Republic of",2009-04-21,2009,"Extended Credit Facility","ECF",615,0,4.49980967033027,35.9753593429158,6,11,5,3,3.36208076659822,1.99999999999962,11.8737350480201,-9.69082826348558,1,1,0
"ROM","Romania",2009-05-04,2009,"Stand-By Arrangement","SBA",617,0,7.01283575543264,23.9507186858316,7,7,0,6,6.01505817932923,-4.14218791793273,5.94867428422006,-7.96711900984202,0,0,0
"BIH","Bosnia and Herzegovina",2009-07-08,2009,"Stand-By Arrangement","SBA",618,1,6.39692965521615,35.9753593429158,11,8,5,2,5.68377823408624,-2.99054546062402,0.899999999999967,-8.70220902185699,0,0,0
"GHA","Ghana",2009-07-15,2009,"Extended Credit Facility","ECF",619,0,4.65396035015752,35.9753593429158,7,6,4,3,3.18685831622177,4.53093845017669,18.2207192138819,-12.9932668412449,1,1,0
"LKA","Sri Lanka",2009-07-24,2009,"Stand-By Arrangement","SBA",620,0,5.99146454710798,19.9425051334702,7,8,6,3,3.26899383983573,2.99999647613052,4.60022029212426,-1.15732966160919,0,0,0
"ETH","Ethiopia",2009-08-26,2009,"Exogenous Shocks Facility","SCF",629,0,4.74493212836325,13.9630390143737,2,5,0,3,5.43189596167009,7.45700156767484,36.439214676784,-5.55672276240374,1,0,0
"COM","Comoros",2009-09-21,2009,"Extended Credit Facility","ECF",621,0,5.02716459604747,35.9753593429158,6,9,2,1,15.2553045859001,1.03096369999451,4.87912695599648,-8.01837918507817,1,1,0
"DOM","Dominican Republic",2009-11-09,2009,"Stand-By Arrangement","SBA",622,1,6.21460809842219,27.9260780287474,8,6,0,4,2.44490075290897,0.500000000000012,1.5110281007396,-6.23331712481703,0,0,0
"AGO","Angola",2009-11-23,2009,"Stand-By Arrangement","SBA",623,0,5.7037824746562,26.9733059548255,6,7,1,0,1.59890485968515,7.05647564041501,15.0348156156233,2.01955183939923,0,0,1
"MDV","Maldives",2009-12-04,2009,"Stand-By Arrangement + Exogenous Shocks Facility","Blend",624,1,6.5510803350434,35.9753593429158,11,6,5,0,1.59890485968515,4.4379904513923,5.49999999999999,-6.42708652076381,1,0,1
"COD","Congo, Democratic Republic of",2009-12-11,2009,"Extended Credit Facility","ECF",625,1,4.17438726989564,35.9753593429158,6,11,7,1,4.50102669404517,5.44374411852031,24.7018724256792,-27.6554949614747,1,1,0
"SYC","Seychelles",2009-12-23,2009,"Extended Fund Facility","EFF",626,0,5.41610040220442,35.9753593429158,5,10,0,1,0,4.01111601611959,2.29257308018695,-32.7088007958706,0,1,0
"MDA","Moldova, Republic of",2010-01-29,2010,"Extended Fund Facility + Extended Credit Facility (No Tier)","Blend",630,1,5.7037824746562,35.9753593429158,6,4,6,5,0.739219712525667,1.49999999999999,6.1848753548928,-10.1761486504147,1,1,0
"JAM","Jamaica",2010-02-04,2010,"Stand-By Arrangement","SBA",631,1,5.7037824746562,26.9075975359343,8,7,3,3,14.154688569473,4.4379904513923,5.8659072233769,-6.42708652076381,0,0,0
"MWI","Malawi",2010-02-19,2010,"Extended Credit Facility (No Tier)","ECF",632,1,4.31748811353631,35.9753593429158,6,4,4,5,0.216290212183436,5.95799326681052,10.1062546818061,0,1,1,0
"IRQ","Iraq",2010-02-24,2010,"Stand-By Arrangement","SBA",633,1,5.29831736654804,23.9507186858316,4,17,3,0,1.59890485968515,7.26569718620698,5.10849341468886,-20.9860393576633,0,0,1
"MRT","Mauritania",2010-03-15,2010,"Extended Credit Facility (No Tier)","ECF",634,0,4.78749174278205,35.9753593429158,6,6,0,5,0.240930869267625,4.57679927145813,5.8659072233769,-11.8016191456935,1,1,0
"GRD","Grenada",2010-04-18,2010,"Extended Credit Facility (No Tier)","ECF",636,1,4.31748811353631,35.9753593429158,6,10,2,1,1.00479123887748,0.800000000000001,3.64136548325049,-25.0086833123397,1,1,0
"GNB","Guinea-Bissau",2010-05-07,2010,"Extended Credit Facility (No Tier)","ECF",637,1,5.05942545826569,35.9753593429158,6,9,0,2,6.39561943874059,-3.3543085369641,-2.43902439024412,1.57054282724965,1,1,0
"GRC","Greece",2010-05-09,2010,"Stand-By Arrangement","SBA",638,1,8.07458680662739,35.9753593429158,12,11,3,0,1.59890485968515,-3.97082314000055,1.93999999999979,-8.36215244619008,0,0,1
"LSO","Lesotho",2010-06-02,2010,"Extended Credit Facility (No Tier)","ECF",641,0,4.78749174278205,35.9753593429158,6,6,0,2,6.23408624229979,5.62810742033388,6.30000000000002,-22.022385110614,1,1,0
"SLB","Solomon Islands",2010-06-02,2010,"Standby Credit Facility (No Tier)","SCF",640,0,4.78749174278205,17.9712525667351,3,11,3,0,25.9466119096509,3.36346169590926,4.75250842712509,-30.0598609004003,1,0,0
"ATG","Antigua and Barbuda",2010-06-07,2010,"Stand-By Arrangement","SBA",644,1,6.39692965521615,35.9753593429158,12,15,0,0,1.59890485968515,-2.00717056539584,2.98129323031393,-16.7977909033393,0,0,1
"BFA","Burkina Faso",2010-06-14,2010,"Extended Credit Facility (No Tier)","ECF",645,0,4.33990170837321,35.9753593429158,6,11,0,6,0.145106091718001,4.41447934311447,2.27888907111682,-8.74423435629794,1,1,0
"ARM","Armenia, Republic of",2010-06-28,2010,"Extended Fund Facility + Extended Credit Facility (No Tier)","Blend",649,0,5.66988092298052,35.9753593429158,6,10,0,6,0,4.80935302398056,6.74178282578441,0,1,1,0
"SLE","Sierra Leone",2010-07-01,2010,"Extended Credit Facility (No Tier)","ECF",643,1,3.40119738166216,35.9753593429158,6,8,0,3,1.14442162902122,4.76772347338072,15.6181653306687,-8.97580758771441,1,1,0
"HTI","Haiti",2010-07-21,2010,"Extended Credit Facility (No Tier)","ECF",651,0,3.91202300542815,35.9753593429158,6,17,3,3,0.668035592060233,-8.50000000000001,4.90643173956213,0,1,1,0
"KOS","Kosovo",2010-07-21,2010,"Stand-By Arrangement","SBA",650,1,5.05624580534831,18.0041067761807,5,2,4,0,1.59890485968515,4.55409999999998,1.69286384386935,-6.42708652076381,0,0,1
"UKR","Ukraine",2010-07-28,2010,"Stand-By Arrangement","SBA",652,1,6.59153654838817,29.0102669404517,9,10,5,5,0,3.71358536111772,9.93500035834669,-0.728212563303204,0,0,0
"YMN","Yemen, Republic of",2010-07-30,2010,"Extended Credit Facility (No Tier)","ECF",653,1,4.60517018598809,35.9753593429158,6,3,2,2,9.75222450376454,8.01608327433598,9.76544195025042,-5.18606175838162,1,1,0
"IRL","Ireland",2010-12-16,2010,"Extended Fund Facility","EFF",657,0,7.75009802590394,35.9753593429158,12,11,1,0,1.59890485968515,4.4379904513923,5.8659072233769,-6.42708652076381,0,1,1
"KEN","Kenya",2011-01-31,2011,"Extended Credit Facility (No Tier)","ECF",661,0,4.78749174278205,35.9753593429158,6,5,0,4,4.19712525667351,5.35989114435456,4.25697093750455,-8.26585326253487,1,1,0
"PRT","Portugal",2011-05-20,2011,"Extended Fund Facility","EFF",670,1,7.74313959696257,35.9753593429158,12,17,5,0,26.2203969883641,-2.2201773098689,3.46880077311509,-9.02366510264746,0,1,0
"KGZ","Kyrgyz Republic",2011-06-20,2011,"Extended Credit Facility (No Tier)","ECF",671,0,4.31748811353631,35.9753593429158,6,10,3,6,1.02943189596167,6.00039656632825,19.9624049601716,-8.73862979168756,1,1,0
"KNA","St. Kitts and Nevis",2011-07-27,2011,"Stand-By Arrangement","SBA",672,1,6.38012253689976,35.9753593429158,11,16,4,0,1.59890485968515,1.49874278495203,4.73251115552431,-29.5403046030198,0,0,1
"CIV","Cote d'Ivoire",2011-11-04,2011,"Extended Credit Facility (No Tier)","ECF",674,0,4.78749174278205,35.9753593429158,6,25,0,4,0,-5.84292902980317,5.09999999999944,1.06329816732433,1,1,0
"AFG","Afghanistan, Islamic Republic of",2011-11-14,2011,"Extended Credit Facility (No Tier)","ECF",675,1,3.96081316959758,35.9753593429158,6,11,10,1,2.38740588637919,5.73716158871977,10.5051787622476,0.0962506874983417,1,1,0
"MLI","Mali",2011-12-27,2011,"Extended Credit Facility (No Tier)","ECF",677,1,3.47196645255036,35.9753593429158,6,8,0,5,0.58590006844627,5.3744504993257,2.96476551610938,-7.50345599642288,1,1,0
"BDI","Burundi",2012-01-27,2012,"Extended Credit Facility (No Tier)","ECF",678,0,3.66356164612965,35.9753593429158,6,7,0,2,0.561259411362081,4.80509766187707,10.2992706652171,0,1,1,0
"GIN","Guinea",2012-02-24,2012,"Extended Credit Facility (No Tier)","ECF",679,0,4.78749174278205,35.9753593429158,6,10,4,3,1.18001368925394,4.65216333172211,15.0325550756597,0,1,1,0
"GRC","Greece",2012-03-15,2012,"Extended Fund Facility","EFF",680,1,7.67730779074449,47.9671457905544,16,16,11,1,0,-4.74939190398976,-0.500000000000256,-7.48287932713516,0,1,0
"NER","Niger",2012-03-16,2012,"Extended Credit Facility (No Tier)","ECF",681,0,4.78749174278205,35.9425051334702,6,7,0,5,0.791238877481177,13.3838176716968,4.4999999999997,-26.5410360683874,1,1,0
"BGD","Bangladesh",2012-04-11,2012,"Extended Credit Facility (No Tier)","ECF",682,0,4.78749174278205,35.9425051334702,6,11,5,1,5.81245722108145,5.50000000000002,11.2384477988803,-1.06603097400227,1,1,0
"KOS","Kosovo",2012-04-27,2012,"Stand-By Arrangement","SBA",684,1,5.03825046112923,19.9753593429158,6,7,3,1,0.268309377138946,3.76000000000003,0.559999564985225,-17.8604178966493,0,0,0
"GMB","Gambia, The",2012-05-25,2012,"Extended Credit Facility (No Tier)","ECF",685,1,4.0943445622221,35.9425051334702,6,16,0,3,2.25872689938398,-1.69697869084866,4.69111367588009,0,1,1,0
"CAF","Central African Republic",2012-06-25,2012,"Extended Credit Facility (No Tier)","ECF",686,1,4.31748811353631,35.9425051334702,6,14,2,3,2.51060917180014,4.09999999999999,6.84825690314805,0,1,1,0
"STP","Sao Tome & Principe",2012-07-20,2012,"Extended Credit Facility (No Tier)","ECF",688,1,3.55534806148941,35.9425051334702,6,8,0,3,0.386036960985626,4.49999999999924,9.58182146728648,0,1,1,0
"MWI","Malawi",2012-07-23,2012,"Extended Credit Facility (No Tier)","ECF",689,0,5.01063529409626,35.9425051334702,7,12,1,6,0,4.31382255319759,18.360065071977,0,1,1,0
"JOR","Jordan",2012-08-03,2012,"Stand-By Arrangement","SBA",690,1,6.68461172766793,35.9425051334702,12,5,0,4,8.08761122518823,3.00000000000025,4.50487453679038,-14.0997153986402,0,0,0
"BIH","Bosnia and Herzegovina",2012-09-26,2012,"Stand-By Arrangement","SBA",692,0,5.29831736654804,23.9507186858316,7,12,4,3,0.2217659137577,0,2.20000000000025,0,0,0,0
"LBR","Liberia",2012-11-19,2012,"Extended Credit Facility (No Tier)","ECF",693,0,3.68887945411394,35.9425051334702,6,13,0,1,1.68925393566051,8.89391026435866,6.57728370525701,-52.4172251063655,1,1,0
"SLB","Solomon Islands",2012-12-07,2012,"Extended Credit Facility (No Tier)","ECF",695,0,2.30258509299405,35.9425051334702,6,10,0,1,1.01848049281314,5.48482597364981,5.99806011742454,-5.77489967422807,1,1,0
"JAM","Jamaica",2013-05-01,2013,"Extended Fund Facility","EFF",697,1,5.41610040220442,47.9671457905544,15,20,4,1,0.993839835728953,0.549999999999984,10.4171660056243,0,0,1,0
"CYP","Cyprus",2013-05-15,2013,"Extended Fund Facility","EFF",698,1,6.33363480484383,35.9753593429158,11,10,1,0,31.8329911019849,-8.69435188868988,0.999999999999734,0,0,1,0
"TUN","Tunisia",2013-06-07,2013,"Stand-By Arrangement","SBA",699,1,5.99146454710798,23.9507186858316,8,14,0,0,21.8726899383984,3.99999999999998,6.00000000000001,0,0,0,0
"PAK","Pakistan",2013-09-04,2013,"Extended Fund Facility","EFF",703,0,6.05208916892442,35.9753593429158,12,11,5,7,2.86652977412731,3.58708644259633,7.36053229171452,0,0,1,0
"SLE","Sierra Leone",2013-10-21,2013,"Extended Credit Facility (No Tier)","ECF",705,0,4.0943445622221,35.9753593429158,6,20,2,4,0.309377138945927,13.3144940341203,10.3368833272124,0,1,1,0
"MLI","Mali",2013-12-18,2013,"Extended Credit Facility (No Tier)","ECF",707,0,3.47196645255036,35.9753593429158,6,5,0,5,0,5.13143106787259,0.252884594427716,-6.88670955045038,1,1,0
"BFA","Burkina Faso",2013-12-27,2013,"Extended Credit Facility (No Tier)","ECF",708,0,3.80666248977032,35.9753593429158,6,15,0,5,0.539356605065024,6.78673810745016,2.00000000000056,-3.48536563651751,1,1,0
