"variable","role","group","description","source","why_useful"
"interrupted","output","Outcome","1 = fewer reviews completed than scheduled at approval","MONA Reviews","the event we want to predict; defined against the approval-day schedule, so later changes cannot move the goalposts"
"log_access_pct_quota","input","Deal structure","log of agreed access as % of the IMF quota","COMMITMENTS, upon approval","larger programmes signal larger problems and carry more at stake at each review"
"planned_months","input","Deal structure","planned length, approval to scheduled expiry, months","COMMITMENTS, upon approval","longer programmes are exposed longer to shocks and changes of government"
"concessional","input","Deal structure","1 = includes a concessional (PRGT) facility","COMMITMENTS","low-income borrowers on cheap terms: different lenders' incentives and country circumstances"
"extended","input","Deal structure","1 = EFF or ECF, 0 = SBA or SCF/ESF","COMMITMENTS","medium-term structural programmes vs short-term crisis programmes"
"n_reviews_sched","input","Deal structure","number of reviews scheduled at approval","MONA Reviews, R0","each review is a hurdle: more hurdles, more chances to stop (partly mechanical)"
"n_struct_cond","input","Conditionality","number of structural conditions at approval","MONA Combined, R0","more reform conditions are harder to meet on time"
"n_prior_actions","input","Conditionality","number of prior actions (before Board approval)","MONA Combined, R0","upfront demands: a sign of low trust, or of commitment already shown"
"prev_n_20y","input","Track record","number of programmes in the 20 years before approval","COMMITMENTS history","repeated users may have persistent problems in implementing programmes"
"years_since_prev","input","Track record","years from the previous programme's planned end to approval (0 if overlapping)","COMMITMENTS history","a quick return suggests the previous programme did not solve the problem"
"no_track_record","input","Track record","1 = no earlier programme","COMMITMENTS history","first-time borrowers have no history with the IMF; also marks the imputed years_since_prev"
"growth","input","Macro","real GDP growth, %, staff estimate for the approval year","MONA Mecon, R0","a weak economy makes fiscal and other targets harder to reach"
"inflation","input","Macro","CPI inflation, %, staff estimate for the approval year","MONA Mecon, R0","high inflation signals macro instability and harder monetary targets"
"current_account_gdp","input","Macro","current account balance, % of GDP","MONA Mecon, R0","the size of the external gap the programme has to close"
