iso3c,approval_date,country,facility,window,planned_end,actual_end,access_quota,amount_approv,amount_final,amount_drawn,status,year,planned_months,concessional,extended,augmented,drawn_share,label_A,cname,arr_id,n_reviews_sched,n_reviews_all,n_reviews_done,label_B,max_delay_days,mona_gap_days,core,postcov,access_pct_quota,log_access_pct_quota,facility_type,prev_label_A,years_since_prev,prev_n_20y,macro_year,net_lending_gdp,gov_debt_gdp,growth_source,growth,inflation_source,inflation,current_account_gdp,reserves_moi,frontload_share,n_tranches,n_struct_cond,n_prior_actions,mona_cancelled,no_track_record,was_missing_log_access_pct_quota,was_missing_planned_months,was_missing_n_reviews_sched,was_missing_n_struct_cond,was_missing_n_prior_actions,was_missing_frontload_share,was_missing_prev_label_A,was_missing_years_since_prev,was_missing_prev_n_20y,was_missing_growth,was_missing_inflation,was_missing_current_account_gdp,was_missing_gov_debt_gdp,was_missing_net_lending_gdp
AFG,2006-06-26,"Afghanistan, Islamic Republic of",Extended Credit Facility,PRGT,2009-06-25,2010-09-25,50,81000000,81000000,75350000,Expired,2006,35.972404730617605,1,1,0,0.9302469135802468,0,AFGHANISTAN,570,6,7,6,1,114,0,1,0,50,3.912023005428146,ECF,0,29.94661190965092,0,2005,-0.917,206.356,mecon,12.000000000000032,mecon,12.338041455922587,-1.9710298413664595,NA,0.16296296296296295,7,11,0,0,0,0,0,0,0,0,0,0,0,0,0,0,0,0,0
AFG,2011-11-14,"Afghanistan, Islamic Republic of",Extended Credit Facility (No Tier),PRGT,2014-11-13,2014-11-13,52.5,85000000,85000000,24000000,Expired,2011,35.972404730617605,1,1,0,0.2823529411764706,1,AFGHANISTAN,675,6,6,1,1,40,0,1,0,52.5,3.960813169597578,ECF,0,1.136208076659822,1,2010,0.933,7.697,mecon,5.737161588719775,mecon,10.505178762247636,0.09625068749834172,10.4573872731044,0.1411764705882353,7,21,10,0,0,0,0,0,0,0,0,0,0,0,0,0,0,0,0
AFG,2016-07-20,"Afghanistan, Islamic Republic of",Extended Credit Facility (No Tier),PRGT,2019-07-19,2019-12-31,10,32380000,32380000,32380000,Expired,2016,35.939553219448094,1,1,0,1,0,AFGHANISTAN,745,6,6,6,0,46,0,1,0,10,2.302585092994046,ECF,1,1.6837782340862424,2,2015,-1.378,9.154,mecon,2.000000000000135,mecon,4.4647647702804605,4.48869257522981,9.77019396043118,0.13897467572575664,7,10,0,0,0,0,0,0,0,0,0,0,0,0,0,0,0,0,0
AGO,2009-11-23,Angola,Stand-By Arrangement,GRA,2012-02-22,2012-03-30,300,858900000,858900000,858900000,Expired,2009,26.971090670170828,0,0,0,1,0,ANGOLA,623,6,6,6,0,147,0,1,0,300,5.703782474656201,SBA,0,1.0239561943874058,0,2008,-3.821,28.122,mecon,7.056475640415005,mecon,15.034815615623344,2.019551839399231,3.74480928595891,0.26666666666666666,7,8,1,0,1,0,0,0,0,0,0,0,1,0,0,0,0,0,0
ALB,2002-06-21,Albania,Extended Credit Facility,PRGT,2005-06-20,2005-11-20,57.5,28000000,28000000,28000000,Expired,2002,35.972404730617605,1,1,0,1,0,ALBANIA,507,6,6,6,0,28,0,1,0,57.5,4.051784947803305,ECF,0,0.8898015058179329,3,2001,-6.837,60.613,mecon,6.500000000000172,mecon,2.9999997937674827,-8.300000000000114,5.74810389047772,0.14285714285714285,7,17,4,0,0,0,0,0,0,0,0,0,0,0,0,0,0,0,0
ALB,2006-02-01,Albania,Extended Credit Facility + Extended Fund Facility,GRA + PRGT,2009-01-31,2009-01-30,35,17045000,17045000,17045000,Expired,2006,35.972404730617605,1,1,0,1,0,ALBANIA,565,6,6,6,0,57,5,1,0,35,3.5553480614894135,Blend,0,0.1998631074606434,4,2005,-3.458,58.203,mecon,5.000000000000004,mecon,2.499999999999991,-7.859960644086102,4.86217077611654,0.14285714285714285,7,20,4,0,0,0,0,0,0,0,0,0,0,0,0,0,0,0,0
ALB,2014-02-28,Albania,Extended Fund Facility,GRA,2017-02-27,2017-02-24,492.4,295420000,295420000,295420000,Expired,2014,35.972404730617605,0,1,0,1,0,ALBANIA,709,8,10,10,0,217,0,1,0,492.4,6.199291394310299,EFF,0,5.078713210130048,3,2013,-5.215,70.391,wdi,1.7072283175406,wdi,1.93762080205223,-6.488685224023153,5.40303177852844,0.07971701306614312,9,22,6,0,0,0,0,0,0,0,0,0,0,0,0,0,1,0,0
ARG,2003-01-24,Argentina,Stand-By Arrangement,GRA,2003-08-31,2003-08-31,102.7,2174500000,2174500000,2174500000,Expired,2003,7.194480946123521,0,0,0,1,0,ARGENTINA,510,3,3,3,0,36,0,1,0,102.7,4.631812116934513,SBA,1,0.0027378507871321,8,2002,-1.91,147.203,mecon,1.0342592015112118,mecon,48.04117486835222,15.356727431231365,5.27543170673442,0.34352724764313636,5,14,0,0,0,0,0,0,0,0,0,0,0,0,0,0,0,0,0
ARG,2003-09-20,Argentina,Stand-By Arrangement,GRA,2006-09-19,2006-01-05,424.2,8981000000,8981000000,4171000000,Expired,2003,35.972404730617605,0,0,0,0.4644248970047879,1,ARGENTINA,508,12,12,2,1,44,0,1,0,424.2,6.050205042130582,SBA,0,0.05475701574264202,8,2002,-1.91,147.203,mecon,3.000000000000269,mecon,22.259056189815652,7.77936021317536,5.27543170673442,0.20376350072375013,13,18,0,1,0,0,0,0,0,0,0,0,0,0,0,0,0,0,0
ARM,2005-05-25,"Armenia, Republic of",Extended Credit Facility,PRGT,2008-05-24,2008-05-23,25,23000000,23000000,23000000,Expired,2005,35.972404730617605,1,1,0,1,0,ARMENIA,557,6,6,6,0,13,0,1,0,25,3.218875824868201,ECF,0,0.3969883641341546,3,2004,-2.5164999999999997,26.446,mecon,8.000000000000007,mecon,2.9821251742100374,-5.065472260509045,3.27253528445552,0.1426086956521739,7,11,2,0,0,0,0,0,0,0,0,0,0,0,0,0,0,0,1
ARM,2008-11-17,"Armenia, Republic of",Extended Credit Facility,PRGT,2011-11-16,2009-03-06,10,9200000,9200000,1310000,Expired,2008,35.939553219448094,1,1,0,0.1423913043478261,1,ARMENIA,602,6,6,0,1,NA,0,1,0,10,2.302585092994046,ECF,0,0.487337440109514,4,2007,-2.334,16.102,mecon,10.000000000000009,mecon,9.158498906431925,-9.712362628583,4.59334315594373,0.14239130434782607,7,12,0,1,0,0,0,0,0,0,0,0,0,0,0,0,0,0,0
ARM,2009-03-06,"Armenia, Republic of",Stand-By Arrangement,GRA,2011-07-05,2010-06-27,400,368000000,533600000,350425000,Expired,2009,27.95663600525624,0,0,1,0.6567185157421289,1,ARMENIA,611,9,9,3,1,76,0,1,0,400,5.991464547107982,SBA,1,0,5,2008,-1.757,16.385,mecon,-1.5000000000003566,mecon,4.501514915574778,-18.67901797856032,3.06209771032223,0.439,10,3,0,1,0,0,0,0,0,0,0,0,0,0,0,0,0,0,0
ARM,2010-06-28,"Armenia, Republic of",Extended Credit Facility (No Tier) + Extended Fund Facility,GRA + PRGT,2013-06-27,2013-07-02,290,266800000,266800000,266800000,Expired,2010,35.972404730617605,1,1,0,1,0,ARMENIA,649,6,6,6,0,90,0,1,0,290,5.66988092298052,Blend,1,0.0027378507871321,6,2009,-7.687,40.604,mecon,4.809353023980556,mecon,6.741782825784415,-0,5.41202626436829,0.13568215892053972,7,10,0,0,0,0,0,0,0,0,0,0,0,0,0,0,0,0,0
ARM,2014-03-07,"Armenia, Republic of",Extended Fund Facility,GRA,2017-05-06,2017-06-27,89.4,82210000,82210000,82210000,Expired,2014,37.97634691195795,0,1,0,1,0,ARMENIA,710,6,6,5,1,221,0,1,0,89.4,4.493120682179469,EFF,0,0.6789869952087612,7,2013,-1.593,40.856,mecon,4.257895009082979,mecon,5.000000000000182,-0,4.46332101457066,0.1428050115557718,7,16,1,0,0,0,0,0,0,0,0,0,0,0,0,0,0,0,0
ATG,2010-06-07,Antigua and Barbuda,Stand-By Arrangement,GRA,2013-06-06,2013-06-06,600,81000000,67500000,67500000,Expired,2010,35.972404730617605,0,0,0,1,0,ANTIGUAANDBARBUDA,644,12,12,10,1,357,0,1,0,600,6.396929655216146,SBA,0,1.0239561943874058,0,2009,-15.801,89.151,mecon,-2.007170565395844,mecon,2.9812932303139306,-16.79779090333926,1.49489075339677,0.20833333333333337,13,15,0,0,1,0,0,0,0,0,0,0,1,0,0,0,0,0,0
BDI,2004-01-23,Burundi,Extended Credit Facility,PRGT,2007-01-22,2008-01-22,90,69300000,69300000,69300000,Expired,2004,35.972404730617605,1,1,0,1,0,BURUNDI,538,6,6,6,0,195,0,1,0,90,4.499809670330265,ECF,1,9.196440793976729,1,2003,-13.702,159.878,mecon,5.3941307104500735,mecon,7.234720600674516,-8.126396392247598,4.17061066312131,0.380952380952381,7,6,2,0,0,0,0,0,0,0,0,0,0,0,0,0,0,0,0
BDI,2008-07-07,Burundi,Extended Credit Facility,PRGT,2011-07-06,2012-01-23,60,46200000,51200000,51200000,Expired,2008,35.939553219448094,1,1,1,1,0,BURUNDI,596,6,7,7,0,59,0,1,0,60,4.0943445622221,ECF,0,0.45722108145106094,2,2007,-2.51,129.613,mecon,4.529581896547419,mecon,19.071340241283696,-17.313806472231835,4.7150166604239,0.14285714285714285,7,11,5,0,0,0,0,0,0,0,0,0,0,0,0,0,0,0,0
BDI,2012-01-27,Burundi,Extended Credit Facility (No Tier),PRGT,2015-01-26,2016-03-31,39,30000000,40000000,30000000,Expired,2012,35.972404730617605,1,1,1,0.75,1,BURUNDI,678,6,8,6,1,67,0,1,0,39,3.6635616461296463,ECF,0,0.0109514031485284,2,2011,-3.491,42.706,mecon,4.805097661877067,mecon,10.299270665217076,-0,4.48625999718291,0.03333333333333333,7,7,0,0,0,0,0,0,0,0,0,0,0,0,0,0,0,0,0
BEN,2005-08-05,Benin,Extended Credit Facility,PRGT,2008-08-04,2009-06-30,10,6190000,24770000,24770000,Expired,2005,35.972404730617605,1,1,1,1,0,BENIN,560,6,6,6,0,352,0,1,0,10,2.302585092994046,ECF,0,1.3470225872689938,3,2004,-0.705,21.51,mecon,3.8770136909892727,mecon,2.5000000000004574,-8.15299468847482,NA,0.14216478190630047,7,13,4,0,0,0,0,0,0,0,0,0,0,0,0,0,0,0,0
BFA,2003-06-11,Burkina Faso,Extended Credit Facility,PRGT,2006-06-10,2006-09-30,40,24080000,30100000,30100000,Expired,2003,35.972404730617605,1,1,1,1,0,BURKINAFASO,514,6,6,6,0,171,0,1,0,40,3.688879454113936,ECF,0,0.5037645448323066,3,2002,-4.433,43.287,mecon,4.725301094438028,mecon,3.0000000000002025,-11.076908085214376,NA,0.14285714285714288,7,9,2,0,0,0,0,0,0,0,0,0,0,0,0,0,0,0,0
BFA,2007-04-23,Burkina Faso,Extended Credit Facility,PRGT,2010-04-22,2010-04-22,10,6020000,48160000,47156000,Expired,2007,35.972404730617605,1,1,1,0.9791528239202658,0,BURKINAFASO,578,6,6,5,1,40,0,1,0,10,2.302585092994046,ECF,0,0.5612594113620808,4,2006,14.346,20.089,mecon,6.455272894650932,mecon,2.0000000000000018,-10.646854747872954,NA,0.08305647840531562,7,10,0,0,0,0,0,0,0,0,0,0,0,0,0,0,0,0,0
BFA,2010-06-14,Burkina Faso,Extended Credit Facility (No Tier),PRGT,2013-06-13,2013-12-23,76.7,46154000,82274000,82274000,Expired,2010,35.972404730617605,1,1,1,1,0,BURKINAFASO,645,6,7,7,0,45,0,1,0,76.7,4.33990170837321,ECF,0,0.14510609171800137,5,2009,-4.16,25.871,mecon,4.414479343114475,mecon,2.2788890711168186,-8.744234356297937,NA,0.16150279499068337,7,11,0,0,0,0,0,0,0,0,0,0,0,0,0,0,0,0,0
BFA,2013-12-27,Burkina Faso,Extended Credit Facility (No Tier),PRGT,2016-12-26,2017-07-24,45,27090000,55640000,55640000,Expired,2013,35.972404730617605,1,1,1,1,0,BURKINAFASO,708,6,7,7,0,192,0,1,0,45,3.80666248977032,ECF,0,0.0109514031485284,5,2012,-2.763,25.211,mecon,6.786738107450163,mecon,2.000000000000557,-3.485365636517506,NA,0.09413067552602436,7,15,0,0,0,0,0,0,0,0,0,0,0,0,0,0,0,0,0
BGD,2003-06-20,Bangladesh,Extended Credit Facility,PRGT,2006-06-19,2007-06-19,65.1,347000000,400330000,316730000,Expired,2003,35.972404730617605,1,1,1,0.791172282866635,1,BANGLADESH,511,6,6,5,1,196,0,1,0,65.1,4.175924549214524,ECF,0,9.765913757700206,2,2002,-2.305,52.9215,mecon,5.500000000000038,mecon,4.500000000000037,-1.9999999999999931,2.1882157411816,0.14285714285714285,7,18,9,0,0,0,0,0,0,0,0,0,0,0,0,0,0,1,0
BGD,2012-04-11,Bangladesh,Extended Credit Facility (No Tier),PRGT,2015-04-10,2015-10-29,120,639960000,639960000,639960000,Expired,2012,35.939553219448094,1,1,0,1,0,BANGLADESH,682,6,6,6,0,340,0,1,0,120,4.787491742782046,ECF,1,4.813141683778234,1,2011,-2.965,29.393,mecon,5.500000000000016,mecon,11.238447798880324,-1.066030974002271,2.78355229779506,0.14285736608538033,7,16,5,0,0,0,0,0,0,0,0,0,0,0,0,0,0,0,0
BGR,2002-02-27,Bulgaria,Stand-By Arrangement,GRA,2004-02-26,2004-03-15,37.5,240000000,240000000,240000000,Expired,2002,23.94875164257556,0,0,0,1,0,BULGARIA,NA,6,NA,NA,NA,NA,NA,1,0,37.5,3.624340932976365,SBA,0,0.4271047227926078,6,2001,-0.58,67.06,wdi,3.82370222571771,wdi,7.36093927231841,-6.488685224023153,4.72685382885863,0.14292779426310584,NA,12,2,NA,0,0,0,1,1,1,1,0,0,0,0,0,1,0,0
BIH,2002-08-02,Bosnia and Herzegovina,Stand-By Arrangement,GRA,2003-11-01,2004-02-29,40,67600000,67600000,67600000,Expired,2002,14.98028909329829,0,0,0,1,0,BOSNIAANDHERZEGOVINA,506,4,4,4,0,195,0,1,0,40,3.688879454113936,SBA,0,1.1772758384668036,1,2001,-3.443,35.128,mecon,5.100031480335643,mecon,2.299991199968554,-29.85388888888889,3.32223710980037,0.2899408284023669,5,21,5,0,0,0,0,0,0,0,0,0,0,0,0,0,0,0,0
BIH,2009-07-08,Bosnia and Herzegovina,Stand-By Arrangement,GRA,2012-07-07,2012-07-07,600,1014600000,1014600000,338200000,Expired,2009,35.972404730617605,0,0,0,0.3333333333333333,1,BOSNIAANDHERZEGOVINA,618,11,11,3,1,127,0,1,0,600,6.396929655216146,SBA,0,5.3552361396303905,2,2008,-3.823,30.321,mecon,-2.9905454606240167,mecon,0.8999999999999675,-8.702209021856996,4.50523614416027,0.18001971414489895,12,13,5,0,0,0,0,0,0,0,0,0,0,0,0,0,0,0,0
BIH,2012-09-26,Bosnia and Herzegovina,Stand-By Arrangement,GRA,2014-09-25,2015-06-30,200,338200000,558030000,422750000,Expired,2012,23.94875164257556,0,0,1,0.7575757575757576,1,BOSNIAANDHERZEGOVINA,692,7,11,7,1,107,0,1,0,200,5.298317366548036,SBA,1,0.22176591375770024,3,2011,-2.728,40.941,mecon,0,mecon,2.200000000000246,-0,4.66279309058916,0.15,8,16,4,0,0,0,0,0,0,0,0,0,0,0,0,0,0,0,0
BIH,2016-09-07,Bosnia and Herzegovina,Extended Fund Facility,GRA,2019-09-06,2020-04-19,167.1,443042000,443042000,126825000,Expired,2016,35.939553219448094,0,1,0,0.2862595419847328,1,BOSNIAANDHERZEGOVINA,747,11,11,1,1,411,0,1,0,167.1,5.118592435601348,EFF,1,1.1909650924024642,4,2015,-0.194,46.376,mecon,3.0000000000000027,mecon,-0.680403887849379,-0,6.29130432187882,0.1431297709923664,12,30,5,1,0,0,0,0,0,0,0,0,0,0,0,0,0,0,0
BLR,2009-01-12,"Belarus, Republic of",Stand-By Arrangement,GRA,2010-04-11,2010-03-30,418.8,1618118000,2269517000,2269517000,Expired,2009,14.914586070959263,0,0,1,1,0,BELARUS,608,4,4,4,0,67,0,1,0,418.8,6.037393478996382,SBA,1,12.336755646817249,1,2008,-10.906,20.295,mecon,1.4291947740179722,mecon,15.732183865495864,-5.447098876895878,0.875042918584985,0.32000014832045626,5,9,5,0,0,0,0,0,0,0,0,0,0,0,0,0,0,0,0
BOL,2003-04-02,Bolivia,Stand-By Arrangement,GRA,2004-04-01,2006-03-31,50,85750000,145780000,111500000,Expired,2003,11.990801576872537,0,0,1,0.7648511455618054,1,BOLIVIA,512,4,8,6,1,208,0,1,0,50,3.912023005428146,SBA,1,0.8186173853524983,4,2002,-7.822,77.156,mecon,2.500000000000102,mecon,4.400000000000137,-4.500000000000012,4.50131607787647,0.5000583090379009,5,10,2,0,0,0,0,0,0,0,0,0,0,0,0,0,0,0,0
BRA,2002-09-06,Brazil,Stand-By Arrangement,GRA,2003-12-31,2005-03-31,751.7,22821120000,27375120000,17199638000,Expired,2002,15.801576872536137,0,0,1,0.6282945243710347,1,BRAZIL,513,5,10,10,0,48,0,1,0,751.7,6.622337308183424,SBA,0,0.0027378507871321,5,2001,-3.468,67.331,mecon,2.4892362802521273,mecon,6.084996346246085,-3.722232101464436,4.44144456291018,0.1,6,13,0,0,0,0,0,0,0,0,0,0,0,0,0,0,0,0,0
CAF,2006-12-22,Central African Republic,Extended Credit Facility,PRGT,2009-12-21,2010-09-02,65,36200000,69620000,69620000,Expired,2006,35.972404730617605,1,1,1,1,0,CENTRALAFRICANREPUBLIC,575,6,6,6,0,146,0,1,0,65,4.174387269895637,ECF,1,4.922655715263518,3,2005,-4.367,102.962,mecon,3.49999998538697,mecon,5.107475263149941,-3.2663609899511745,NA,0.4861878453038674,7,11,1,0,0,0,0,0,0,0,0,0,0,0,0,0,0,0,0
CAF,2012-06-25,Central African Republic,Extended Credit Facility (No Tier),PRGT,2015-06-24,2014-05-01,75,41775000,41775000,6963000,Expired,2012,35.939553219448094,1,1,0,0.1666786355475763,1,CENTRALAFRICANREPUBLIC,686,6,6,0,1,NA,0,1,0,75,4.31748811353631,ECF,0,1.8124572210814511,3,2011,-2.149,19.686,mecon,4.0999999999999925,mecon,6.848256903148053,-0,NA,0.1666786355475763,7,16,2,1,0,0,0,0,0,0,0,0,0,0,0,0,0,0,0
CAF,2016-07-20,Central African Republic,Extended Credit Facility (No Tier),PRGT,2019-07-19,2019-07-10,75,83550000,133680000,133680000,Expired,2016,35.939553219448094,1,1,1,1,0,CENTRALAFRICANREPUBLIC,746,6,6,6,0,117,0,1,0,75,4.31748811353631,ECF,1,2.220396988364134,3,2015,-0.535,54.357,mecon,5.190753205543297,mecon,4.0059763675430515,-11.0972512448732,NA,0.14991023339317774,7,8,0,0,0,0,0,0,0,0,0,0,0,0,0,0,0,0,0
CIV,2002-03-29,Cote d'Ivoire,Extended Credit Facility,PRGT,2005-03-28,2005-03-28,90,292680000,292680000,58540000,Expired,2002,35.972404730617605,1,1,0,0.2000136668033347,1,COTEDIVOIRE,516,6,6,0,1,NA,2,1,0,90,4.499809670330265,ECF,1,1.0349075975359343,8,2001,0.699,71.172,mecon,3.485860050364109,mecon,3.598682870673553,-4.291787525046533,NA,0.20001366680333468,7,14,5,0,0,0,0,0,0,0,0,0,0,0,0,0,0,0,0
CIV,2009-03-27,Cote d'Ivoire,Extended Credit Facility,PRGT,2012-03-26,2011-06-23,115,373980000,373980000,230892000,Expired,2009,35.972404730617605,1,1,0,0.6173913043478261,1,COTEDIVOIRE,612,6,6,2,1,116,0,1,0,115,4.74493212836325,ECF,1,3.997262149212868,5,2008,-0.21,51.24,mecon,3.704148412278641,mecon,5.931814446753747,0.4290302275005478,NA,0.4260869565217392,7,18,6,1,0,0,0,0,0,0,0,0,0,0,0,0,0,0,0
CIV,2011-11-04,Cote d'Ivoire,Extended Credit Facility (No Tier),PRGT,2014-11-03,2015-12-17,120,390240000,520320000,520320000,Expired,2011,35.972404730617605,1,1,1,1,0,COTEDIVOIRE,674,6,8,8,0,69,0,1,0,120,4.787491742782046,ECF,1,0.3668720054757016,4,2010,-1.337,45.612,mecon,-5.842929029803168,mecon,5.099999999999438,1.063298167324333,NA,0.20833333333333331,7,25,0,0,0,0,0,0,0,0,0,0,0,0,0,0,0,0,0
CIV,2016-12-12,Cote d'Ivoire,Extended Credit Facility (No Tier) + Extended Fund Facility,GRA + PRGT,2019-12-11,2020-12-11,75,487800000,843972000,843972000,Expired,2016,35.939553219448094,1,1,1,1,0,COTEDIVOIRE,750,6,8,8,0,238,0,1,0,75,4.31748811353631,Blend,0,0.9883641341546886,4,2015,-2.042,29.172,mecon,7.858314765845775,mecon,0.999999999999912,-0,NA,0.14285772857728576,7,9,0,0,0,0,0,0,0,0,0,0,0,0,0,0,0,0,0
CMR,2005-10-24,Cameroon,Extended Credit Facility,PRGT,2008-10-23,2009-01-16,10,18570000,18570000,18570000,Expired,2005,35.972404730617605,1,1,0,1,0,CAMEROON,563,6,6,6,0,40,0,1,0,10,2.302585092994046,ECF,1,0.8432580424366872,6,2004,2.066,51.728,mecon,2.819948216622836,mecon,1.297169811320753,-2.4165903355106897,2.23588361085012,0.14270328486806677,7,15,0,0,0,0,0,0,0,0,0,0,0,0,0,0,0,0,0
COD,2002-06-12,"Congo, Democratic Republic of",Extended Credit Facility,PRGT,2005-06-11,2006-03-31,108.8,580000000,580000000,553466666,Expired,2002,35.972404730617605,1,1,0,0.9542528724137932,0,CONGODEM,NA,6,NA,NA,NA,NA,NA,1,0,108.8,4.689511334421843,ECF,1,12.010951403148528,5,2001,-1.127,185.411,wdi,-2.10017302429294,wdi,359.936614264586,-6.488685224023153,NA,0.14292779426310584,NA,12,2,NA,0,0,0,1,1,1,1,0,0,0,0,0,1,0,0
COD,2009-12-11,"Congo, Democratic Republic of",Extended Credit Facility,PRGT,2012-12-10,2012-12-10,65,346450000,346450000,197972000,Expired,2009,35.972404730617605,1,1,0,0.5714302208110839,1,CONGODEM,625,6,6,3,1,40,0,1,0,65,4.174387269895637,ECF,0,3.698836413415469,1,2008,-0.282,80.301,mecon,5.443744118520311,mecon,24.701872425679184,-27.655494961474737,0.105248955778473,0.14285755520277096,7,18,7,0,0,0,0,0,0,0,0,0,0,0,0,0,0,0,0
COG,2004-12-06,"Congo, Republic of",Extended Credit Facility,PRGT,2007-12-05,2008-06-05,65,54990000,54990000,23580000,Expired,2004,35.939553219448094,1,1,0,0.4288052373158756,1,CONGOREP,550,6,6,2,1,138,1,1,0,65,4.174387269895637,ECF,1,5.44558521560575,4,2003,0.366,185.31,mecon,4.00907656837175,mecon,1.9999999999999796,1.5529805692073793,0.205051858440714,0.14293507910529188,7,19,3,0,0,0,0,0,0,0,0,0,0,0,0,0,0,0,0
COG,2008-12-08,"Congo, Republic of",Extended Credit Facility,PRGT,2011-12-07,2011-08-04,10,8460000,8460000,8460000,Expired,2008,35.939553219448094,1,1,0,1,0,CONGOREP,607,6,6,6,0,124,0,1,0,10,2.302585092994046,ECF,1,0.5092402464065708,4,2007,8.986,93.757,mecon,9.087627943055663,mecon,4.0101561204958,-92.49073473314664,3.26975630499668,0.14285697399527186,7,12,1,0,0,0,0,0,0,0,0,0,0,0,0,0,0,0,0
COM,2009-09-21,Comoros,Extended Credit Facility,PRGT,2012-09-20,2013-12-23,152.5,13572500,13572500,13572500,Expired,2009,35.972404730617605,1,1,0,1,0,COMOROS,621,6,6,6,0,458,0,1,0,152.5,5.0271645960474665,ECF,0,1.0239561943874058,0,2008,-1.464,33.418,mecon,1.0309636999945138,mecon,4.879126955996482,-8.018379185078173,5.12659827941711,0.31147540983606553,7,11,2,0,1,0,0,0,0,0,0,0,1,0,0,0,0,0,0
CPV,2002-04-10,Cabo Verde,Extended Credit Facility,PRGT,2005-04-09,2005-07-31,90,8640000,8640000,8640000,Expired,2002,35.972404730617605,1,1,0,1,0,CABOVERDE,515,6,6,6,0,45,0,1,0,90,4.499809670330265,ECF,0,1.0239561943874058,0,2001,-5.029,62.158,mecon,5.3462940461725506,mecon,2.874999999999983,-16.360800603801632,1.53074788604475,0.1423611111111111,7,6,2,0,1,0,0,0,0,0,0,0,1,0,0,0,0,0,0
CYP,2013-05-15,Cyprus,Extended Fund Facility,GRA,2016-05-14,2016-03-06,563.2,891000000,891000000,792000000,Expired,2013,35.972404730617605,0,1,0,0.8888888888888888,1,CYPRUS,698,11,11,9,1,277,0,1,0,563.2,6.3336348048438325,EFF,0,31.83299110198494,0,2012,-5.551,79.151,mecon,-8.694351888689877,mecon,0.9999999999997344,-0,0.429660719353552,0.08333333333333333,12,11,1,1,0,0,0,0,0,0,0,0,0,0,0,0,0,0,0
DJI,2008-09-17,Djibouti,Extended Credit Facility,PRGT,2011-09-16,2012-05-31,80,12720000,22260000,22260000,Expired,2008,35.939553219448094,1,1,1,1,0,DJIBOUTI,598,6,6,6,0,467,0,1,0,80,4.382026634673881,ECF,1,5.66735112936345,2,2007,-1.881,52.9215,mecon,22.566001489005117,mecon,8.129999999999992,-33.54871773296716,2.67715957605983,0.3037735849056604,7,11,0,0,0,0,0,0,0,0,0,0,0,0,0,0,0,1,0
DMA,2002-08-28,Dominica,Stand-By Arrangement,GRA,2003-08-27,2004-01-02,40,3280000,3280000,2972500,Expired,2002,11.957950065703022,0,0,0,0.90625,0,DOMINICA,518,4,4,2,1,255,0,1,0,40,3.688879454113936,SBA,1,17.114305270362767,1,2001,-6.544,98.505,mecon,1.0040122738527837,mecon,1.7000000000004123,-16.88645813696521,1.68475306698983,0.625,5,15,1,1,0,0,0,0,0,0,0,0,0,0,0,0,0,0,0
DMA,2003-12-29,Dominica,Extended Credit Facility,PRGT,2006-12-28,2006-12-28,93.8,7688000,7688000,7688000,Expired,2003,35.972404730617605,1,1,0,1,0,DOMINICA,519,7,7,7,0,173,0,1,0,93.8,4.541164856012179,ECF,0,1.0239561943874058,2,2002,-4.071,97.875,mecon,-0.9999999999999898,mecon,0.4999999999997451,-14.535349769486578,2.55991177521417,0.3066319895968791,11,7,1,0,1,0,0,0,0,0,0,0,1,0,0,0,0,0,0
DOM,2003-08-29,Dominican Republic,Stand-By Arrangement,GRA,2005-08-28,2005-01-31,200,437800000,437800000,131340000,Expired,2003,23.98160315374507,0,0,0,0.3,1,DOMINICANREPUBLIC,539,8,8,1,1,114,0,1,0,200,5.298317366548036,SBA,1,9.42094455852156,3,2002,-2.277,21.487,mecon,1.700000000000057,mecon,14.399999999999658,-5.200000000000043,0.632700763360732,0.2,10,20,8,1,0,0,0,0,0,0,0,0,0,0,0,0,0,0,0
DOM,2005-01-31,Dominican Republic,Stand-By Arrangement,GRA,2007-05-31,2008-01-30,200,437800000,437800000,437800000,Expired,2005,27.92378449408673,0,0,0,1,0,DOMINICANREPUBLIC,552,8,8,8,0,150,0,1,0,200,5.298317366548036,SBA,1,0,4,2004,-3.599,34.346,mecon,-0.40000000000005587,mecon,27.415095339169547,5.1999999999999496,1.13586117928723,0.12000913659205116,9,37,16,0,0,0,0,0,0,0,0,0,0,0,0,0,0,0,0
DOM,2009-11-09,Dominican Republic,Stand-By Arrangement,GRA,2012-03-08,2012-03-08,500,1094500000,1094500000,766150000,Expired,2009,27.92378449408673,0,0,0,0.7,1,DOMINICANREPUBLIC,622,8,8,6,1,129,0,1,0,500,6.214608098422191,SBA,0,1.7768651608487338,4,2008,-3.43,33.629,mecon,0.5000000000000115,mecon,1.5110281007395976,-6.233317124817031,1.79324169362927,0.1827318410232983,10,6,0,0,0,0,0,0,0,0,0,0,0,0,0,0,0,0,0
ECU,2003-03-21,Ecuador,Stand-By Arrangement,GRA,2004-04-20,2004-04-20,50,151000000,151000000,60400000,Expired,2003,13.009198423127463,0,0,0,0.4,1,ECUADOR,509,4,4,1,1,32,0,1,0,50,3.912023005428146,SBA,0,1.218343600273785,8,2002,0.738,55.043,mecon,3.499999999999903,mecon,8.899999999999864,-6.600000000000019,1.32521230423305,0.2,5,26,9,1,0,0,0,0,0,0,0,0,0,0,0,0,0,0,0
EGY,2016-11-11,Egypt,Extended Fund Facility,GRA,2019-11-10,2019-07-29,422,8596570000,8596570000,8596570000,Expired,2016,35.939553219448094,0,1,0,1,0,EGYPT,752,5,5,5,0,131,0,1,0,422,6.045005314036012,EFF,1,23.449691991786448,0,2015,-10.37,83.754,mecon,3.833288041718741,mecon,10.199464138136417,-5.47390852417083,2.59707505474829,0.2291669817148002,6,16,3,0,0,0,0,0,0,0,0,0,0,0,0,0,0,0,0
GAB,2004-05-28,Gabon,Stand-By Arrangement,GRA,2005-06-30,2005-07-31,45,69440000,69440000,41664000,Expired,2004,13.074901445466493,0,0,0,0.6,1,GABON,540,4,4,4,0,12,0,1,0,45,3.80666248977032,SBA,1,2.099931553730322,6,2003,7.752,70.241,mecon,1.1460536275475608,mecon,1.999999999999735,-5.805305633288098,0.990744323575171,0.2,5,26,6,0,0,0,0,0,0,0,0,0,0,0,0,0,0,0,0
GEO,2004-06-04,Georgia,Extended Credit Facility,PRGT,2007-06-03,2007-09-30,65.2,98000000,98000000,98000000,Expired,2004,35.939553219448094,1,1,0,1,0,GEORGIA,541,6,6,6,0,182,0,1,0,65.2,4.177459468932607,ECF,1,0.3969883641341546,3,2003,-0.548,54.552,mecon,6.000000000000005,mecon,5.80000000000005,-9.44885707617652,1.18009139298942,0.14285714285714285,7,19,4,0,0,0,0,0,0,0,0,0,0,0,0,0,0,0,0
GEO,2008-09-15,Georgia,Stand-By Arrangement,GRA,2010-03-14,2011-06-14,317.4,477100000,747100000,577100000,Expired,2008,17.904073587385017,0,0,1,0.7724534868156874,1,GEORGIA,597,6,10,9,1,58,0,1,0,317.4,5.760162808092309,SBA,0,0.9609856262833676,4,2007,0.809,22.536,mecon,3.4999999999996367,mecon,9.9574514302893,-20.759794731126224,2.58215614814689,0.33892265772374763,7,6,0,0,0,0,0,0,0,0,0,0,0,0,0,0,0,0,0
GEO,2014-07-30,Georgia,Stand-By Arrangement,GRA,2017-07-29,2017-04-11,66.5,100000000,100000000,80000000,Expired,2014,35.972404730617605,0,0,0,0.8,1,GEORGIA,716,6,6,1,1,34,0,1,0,66.5,4.197201947661808,SBA,1,3.1266255989048597,5,2013,-1.248,28.942,mecon,5.032948057520836,mecon,4.572164936177026,-8.354484703058867,3.22647864270285,0.4,7,7,0,1,0,0,0,0,0,0,0,0,0,0,0,0,0,0,0
GHA,2003-05-09,Ghana,Extended Credit Facility,PRGT,2006-05-08,2006-10-31,50,184500000,184500000,184500000,Expired,2003,35.972404730617605,1,1,0,1,0,GHANA,521,6,6,6,0,224,0,1,0,50,3.912023005428146,ECF,1,0.4380561259411362,7,2002,-2.726,54.061,mecon,4.699999999999838,mecon,11.796398324891475,-5.619532959723768,2.17027994747621,0.14281842818428184,7,12,5,0,0,0,0,0,0,0,0,0,0,0,0,0,0,0,0
GHA,2009-07-15,Ghana,Extended Credit Facility,PRGT,2012-07-14,2012-07-23,105,387450000,387450000,387450000,Expired,2009,35.972404730617605,1,1,0,1,0,GHANA,619,7,7,7,0,252,0,1,0,105,4.653960350157523,ECF,0,2.704996577686516,3,2008,-5.557,23.186,mecon,4.530938450176691,mecon,18.22071921388193,-12.99326684124495,1.90391780434853,0.1746031746031746,8,10,4,0,0,0,0,0,0,0,0,0,0,0,0,0,0,0,0
GHA,2015-04-03,Ghana,Extended Credit Facility (No Tier),PRGT,2018-04-02,2019-03-29,180,664200000,664200000,664200000,Expired,2015,35.972404730617605,1,1,0,1,0,GHANA,725,7,8,8,0,227,0,1,0,180,5.19295685089021,ECF,0,2.6940451745379876,4,2014,-7.812,50.111,mecon,3.489909665450064,mecon,12.198264056901545,-7.035722271090268,3.16791053807695,0.125,8,24,8,0,0,0,0,0,0,0,0,0,0,0,0,0,0,0,0
GIN,2007-12-21,Guinea,Extended Credit Facility,PRGT,2010-12-20,2010-12-20,45,48195000,69615000,24480000,Expired,2007,35.972404730617605,1,1,1,0.3516483516483517,1,GUINEA,589,6,6,1,1,58,0,1,0,45,3.80666248977032,ECF,1,3.6386036960985626,3,2006,-2.129,95.222,mecon,1.5097554728840556,mecon,23.36328355132904,-9.4572517380669,0.366823428306938,0.14285714285714285,7,25,8,0,0,0,0,0,0,0,0,0,0,0,0,0,0,0,0
GIN,2012-02-24,Guinea,Extended Credit Facility (No Tier),PRGT,2015-02-23,2016-11-07,120,128520000,173655000,173655000,Expired,2012,35.972404730617605,1,1,1,1,0,GUINEA,679,6,8,8,0,393,0,1,0,120,4.787491742782046,ECF,1,1.1800136892539357,3,2011,-0.921,53.85,mecon,4.6521633317221145,mecon,15.032555075659705,-0,4.01777612198608,0.14285714285714288,7,14,4,0,0,0,0,0,0,0,0,0,0,0,0,0,0,0,0
GMB,2002-07-18,"Gambia, The",Extended Credit Facility,PRGT,2005-07-17,2005-07-17,65,20220000,20220000,2890000,Expired,2002,35.972404730617605,1,1,0,0.14292779426310584,1,GAMBIA,520,6,6,0,1,NA,5,1,0,65,4.174387269895637,ECF,0,0.5448323066392882,4,2001,-2.523,75.23,mecon,5.511162616713716,mecon,2.999999999999692,-4.126527510993122,NA,0.14292779426310584,7,8,3,0,0,0,0,0,0,0,0,0,0,0,0,0,0,0,0
GMB,2007-02-21,"Gambia, The",Extended Credit Facility,PRGT,2010-02-20,2011-03-31,45,14000000,24880000,22547500,Expired,2007,35.972404730617605,1,1,1,0.90625,0,GAMBIA,577,6,8,7,1,176,0,1,0,45,3.80666248977032,ECF,1,1.5989048596851472,3,2006,-3.194,87.344,mecon,6.992114455165455,mecon,3.209548504397386,-21.873921453439213,4.0353472049347,0.14285714285714285,7,19,3,0,0,0,0,0,0,0,0,0,0,0,0,0,0,0,0
GMB,2012-05-25,"Gambia, The",Extended Credit Facility (No Tier),PRGT,2015-05-24,2015-03-20,60,18660000,18660000,10885000,Expired,2012,35.939553219448094,1,1,0,0.5833333333333334,1,GAMBIA,685,6,6,1,1,202,0,1,0,60,4.0943445622221,ECF,0,1.1526351813826146,3,2011,-3.028,49.241,mecon,-1.6969786908486606,mecon,4.6911136758800875,-0,6.40320411051997,0.5,7,16,0,1,0,0,0,0,0,0,0,0,0,0,0,0,0,0,0
GNB,2010-05-07,Guinea-Bissau,Extended Credit Facility (No Tier),PRGT,2013-05-06,2013-05-06,157.5,22365000,22365000,15123000,Expired,2010,35.972404730617605,1,1,0,0.6761904761904762,1,GUINEABISSAU,637,6,6,3,1,-7,0,1,0,157.5,5.059425458265688,ECF,1,6.395619438740589,2,2009,2.679,148.258,mecon,-3.3543085369641013,mecon,-2.4390243902441155,1.570542827249651,NA,0.35238095238095235,7,9,0,0,0,0,0,0,0,0,0,0,0,0,0,0,0,0,0
GNB,2015-07-10,Guinea-Bissau,Extended Credit Facility (No Tier),PRGT,2018-07-09,2019-07-09,120,17040000,22720000,17040000,Expired,2015,35.972404730617605,1,1,1,0.75,1,GUINEABISSAU,730,6,7,5,1,414,0,1,0,120,4.787491742782046,ECF,1,2.1765913757700206,2,2014,-2.436,60.115,mecon,4.70000000000006,mecon,1.254359115329673,-0,NA,0.16666666666666666,7,14,0,0,0,0,0,0,0,0,0,0,0,0,0,0,0,0,0
GRC,2010-05-09,Greece,Stand-By Arrangement,GRA,2013-05-08,2012-03-14,3211.8,26432900000,26432900000,17541800000,Expired,2010,35.972404730617605,0,0,0,0.6636350911175088,1,GREECE,638,12,12,5,1,97,0,1,0,3211.8,8.07458680662739,SBA,0,1.0239561943874058,0,2009,-15.424,128.482,mecon,-3.9708231400005456,mecon,1.9399999999997863,-8.362152446190077,0.638122957216378,0.18181508650204856,13,14,3,1,1,0,0,0,0,0,0,0,1,0,0,0,0,0,0
GRC,2012-03-15,Greece,Extended Fund Facility,GRA,2016-03-14,2016-01-15,2158.8,23785300000,23785300000,10224500000,Expired,2012,47.96320630749014,0,1,0,0.4298663460204412,1,GREECE,680,16,16,5,1,243,0,1,0,2158.8,7.677307790744488,EFF,1,0.0027378507871321,1,2011,-10.5,175.076,mecon,-4.749391903989764,mecon,-0.5000000000002558,-7.482879327135159,0.792222436462401,0.05882204554914169,17,27,11,0,0,0,0,0,0,0,0,0,0,0,0,0,0,0,0
GRD,2006-04-17,Grenada,Extended Credit Facility,PRGT,2009-04-16,2010-04-13,90,10530000,16380000,16380000,Expired,2006,35.972404730617605,1,1,1,1,0,GRENADA,566,6,6,5,1,646,0,1,0,90,4.499809670330265,ECF,1,22.23134839151266,0,2005,0.901,87.312,mecon,5.278681096743476,mecon,4.3218933333674325,-30.09541658060838,2.34321060809501,0.14828897338403044,7,7,0,0,0,0,0,0,0,0,0,0,0,0,0,0,0,0,0
GRD,2010-04-18,Grenada,Extended Credit Facility (No Tier),PRGT,2013-04-17,2013-04-17,75,8775000,8775000,2525000,Expired,2010,35.972404730617605,1,1,0,0.28774928774928776,1,GRENADA,636,6,6,1,1,4,0,1,0,75,4.31748811353631,ECF,0,0.0136892539356605,1,2009,-4.402,91.094,mecon,0.8000000000000007,mecon,3.641365483250491,-25.008683312339713,3.1411332935969,0.14529914529914528,7,12,2,0,0,0,0,0,0,0,0,0,0,0,0,0,0,0,0
GRD,2014-06-26,Grenada,Extended Credit Facility (No Tier),PRGT,2017-06-25,2017-05-26,120,14040000,14040000,14040000,Expired,2014,35.972404730617605,1,1,0,1,0,GRENADA,713,6,6,6,0,90,0,1,0,120,4.787491742782046,ECF,1,1.1909650924024642,2,2013,-7.25,105.437,mecon,1.1103019475504183,mecon,1.6208415182807243,-23.842253998777835,3.12217516071959,0.1452991452991453,7,10,5,0,0,0,0,0,0,0,0,0,0,0,0,0,0,0,0
GUY,2002-09-20,Guyana,Extended Credit Facility,PRGT,2005-09-19,2006-09-12,60,54550000,54550000,54550000,Expired,2002,35.972404730617605,1,1,0,1,0,GUYANA,NA,6,NA,NA,NA,NA,NA,1,0,60,4.0943445622221,ECF,1,0.7200547570157426,3,2001,-3.708,104.646,wdi,2.2795216592191,wdi,2.62741314203333,-6.488685224023153,4.29594211373791,0.14292779426310584,NA,12,2,NA,0,0,0,1,1,1,1,0,0,0,0,0,1,0,0
HND,2004-02-27,Honduras,Extended Credit Facility,PRGT,2007-02-26,2007-02-26,55,71200000,71200000,40684000,Expired,2004,35.972404730617605,1,1,0,0.5714044943820225,1,HONDURAS,542,6,6,3,1,77,9,1,0,55,4.007333185232471,ECF,1,1.158110882956879,3,2003,-5.093,67.757,mecon,2.5000000000000133,mecon,7.899999999999618,-5.500000000000018,3.95616098807341,0.14285714285714285,7,16,3,0,0,0,0,0,0,0,0,0,0,0,0,0,0,0,0
HTI,2006-11-20,Haiti,Extended Credit Facility,PRGT,2009-11-19,2010-01-29,90,73710000,180180000,180180000,Expired,2006,35.972404730617605,1,1,1,1,0,HAITI,572,6,6,6,0,76,0,1,0,90,4.499809670330265,ECF,1,7.093771389459275,3,2005,-0.829,29.709,mecon,2.540000000000009,mecon,14.227075823210455,-0,1.39236374858695,0.3812237145570479,7,29,7,0,0,0,0,0,0,0,0,0,0,0,0,0,0,0,0
HTI,2010-07-21,Haiti,Extended Credit Facility (No Tier),PRGT,2013-07-20,2014-12-24,50,40950000,40950000,40950000,Expired,2010,35.972404730617605,1,1,0,1,0,HAITI,651,6,8,8,0,248,0,1,0,50,3.912023005428146,ECF,0,0.4736481861738535,3,2009,-1.996,19.411,mecon,-8.500000000000007,mecon,4.906431739562134,-0,4.64486783240122,0.2,7,20,3,0,0,0,0,0,0,0,0,0,0,0,0,0,0,0,0
HTI,2015-05-18,Haiti,Extended Credit Facility (No Tier),PRGT,2018-05-17,2016-11-17,60,49140000,49140000,7020000,Expired,2015,35.972404730617605,1,1,0,0.14285714285714285,1,HAITI,727,6,6,0,1,NA,0,1,0,60,4.0943445622221,ECF,0,0.3969883641341546,3,2014,-3.641,21.354,mecon,2.499999999999991,mecon,6.597531256111777,-3.510972265649123,4.93547072315228,0.14285714285714285,7,14,4,0,0,0,0,0,0,0,0,0,0,0,0,0,0,0,0
HUN,2008-11-06,Hungary,Stand-By Arrangement,GRA,2010-04-05,2010-10-05,1014.8,10537500000,10537500000,7637000000,Expired,2008,16.918528252299605,0,0,0,0.7247449584816132,1,HUNGARY,600,5,7,5,1,41,0,1,0,1014.8,6.9224468277251265,SBA,1,13.897330595482549,3,2007,-5.085,65.58,mecon,1.8106551203147303,mecon,6.2999999999999945,-6.249801312913753,2.19349799926091,0.4,6,3,0,0,0,0,0,0,0,0,0,0,0,0,0,0,0,0,0
IRL,2010-12-16,Ireland,Extended Fund Facility,GRA,2013-12-15,2013-12-15,2321.8,19465800000,19465800000,19465800000,Expired,2010,35.972404730617605,0,1,0,1,0,IRELAND,657,12,12,12,0,62,0,1,0,2321.8,7.750098025903935,EFF,0,1.0239561943874058,0,2009,-13.873,61.765,wdi,-5.09578277913846,wdi,-4.44754686876746,-6.488685224023153,0.0915023602932232,0.2574985998544938,13,12,1,0,1,0,0,0,0,0,0,0,1,0,0,0,1,0,0
IRQ,2010-02-24,Iraq,Stand-By Arrangement,GRA,2012-02-23,2013-02-23,200,2376800000,2376800000,1069560000,Expired,2010,23.94875164257556,0,0,0,0.45,1,IRAQ,633,4,5,2,1,139,0,1,0,200,5.298317366548036,SBA,0,1.0239561943874058,0,2009,-14.914,87.375,mecon,7.265697186206976,mecon,5.108493414688864,-20.986039357663316,12.0455446361183,0.125,5,20,3,0,1,0,0,0,0,0,0,0,1,0,0,0,0,0,0
IRQ,2016-07-07,Iraq,Stand-By Arrangement,GRA,2019-07-06,2019-07-06,230.3,3831000000,3831000000,1494200000,Expired,2016,35.939553219448094,0,0,0,0.39002871312973114,1,IRAQ,741,12,12,2,1,108,0,1,0,230.3,5.439382806826639,SBA,1,3.3675564681724848,1,2015,-12.83,48.335,mecon,10.29978108215188,mecon,1.9999999999997575,-11.02672034334827,10.8017323095628,0.11876794570608196,13,16,3,0,0,0,0,0,0,0,0,0,0,0,0,0,0,0,0
ISL,2008-11-19,Iceland,Stand-By Arrangement,GRA,2010-11-18,2011-08-31,1190.5,1400000000,1400000000,1400000000,Expired,2008,23.94875164257556,0,0,0,1,0,ICELAND,603,8,8,6,1,245,0,1,0,1190.5,7.082128665926917,SBA,1,47.84941820670773,0,2007,5.567,67.446,mecon,1.6429389042662337,mecon,12.668920476373424,-6.488685224023153,2.12322498488804,0.4,9,9,2,0,0,0,0,0,0,0,0,0,0,0,0,0,1,0,0
JAM,2010-02-04,Jamaica,Stand-By Arrangement,GRA,2012-05-03,2012-05-03,300,820500000,820500000,541800000,Expired,2010,26.9053876478318,0,0,0,0.6603290676416819,1,JAMAICA,631,8,8,3,1,31,0,1,0,300,5.703782474656201,SBA,1,13.88911704312115,3,2009,-10.844,138.339,wdi,-4.34530185828071,wdi,9.59224598930482,-6.488685224023153,3.43153193533304,0.5049360146252285,9,10,3,0,0,0,0,0,0,0,0,0,0,0,0,0,1,0,0
JAM,2013-05-01,Jamaica,Extended Fund Facility,GRA,2017-04-30,2016-11-10,225,615380000,615380000,558730000,Expired,2013,47.96320630749014,0,1,0,0.9079430595729469,0,JAMAICA,697,15,15,13,1,88,0,1,0,225,5.41610040220442,EFF,1,0.9938398357289528,1,2012,-3.974,140.255,mecon,0.5499999999999838,mecon,10.4171660056243,-0,2.8651670674912,0.2222204166531249,16,24,4,1,0,0,0,0,0,0,0,0,0,0,0,0,0,0,0
JOR,2002-07-03,Jordan,Stand-By Arrangement,GRA,2004-07-02,2004-07-02,50,85280000,85280000,10660000,Expired,2002,23.98160315374507,0,0,0,0.125,1,JORDAN,505,3,3,3,0,146,0,1,0,50,3.912023005428146,SBA,0,0.09034907597535936,5,2001,-1.126,85.471,mecon,5.064012392941719,mecon,3.5263204835312534,-0.2541068715800652,5.84455885644854,0.125,8,8,3,0,0,0,0,0,0,0,0,0,0,0,0,0,0,0,0
JOR,2012-08-03,Jordan,Stand-By Arrangement,GRA,2015-08-02,2015-08-02,800,1364000000,1364000000,1364000000,Expired,2012,35.939553219448094,0,0,0,1,0,JORDAN,690,12,12,7,1,160,0,1,0,800,6.684611727667927,SBA,1,8.087611225188228,4,2011,-1.208,56.143,mecon,3.000000000000247,mecon,4.504874536790382,-14.099715398640154,6.51551435816016,0.1875,13,5,0,0,0,0,0,0,0,0,0,0,0,0,0,0,0,0,0
JOR,2016-08-24,Jordan,Extended Fund Facility,GRA,2019-08-23,2020-03-23,150,514650000,514650000,223015000,Expired,2016,35.939553219448094,0,1,0,0.43333333333333335,1,JORDAN,744,6,6,2,1,584,0,1,0,150,5.0106352940962555,EFF,0,1.0622861054072552,3,2015,-5.182,71.381,mecon,2.750000000000008,mecon,-0.5245664837143615,-9.039048925389269,8.30493088673973,0.1,7,30,6,0,0,0,0,0,0,0,0,0,0,0,0,0,0,0,0
KEN,2003-11-21,Kenya,Extended Credit Facility,PRGT,2006-11-20,2007-11-20,64.5,175000000,150000000,150000000,Expired,2003,35.972404730617605,1,1,0,1,0,KENYA,524,6,6,3,1,650,0,1,0,64.5,4.1666652238017265,ECF,1,0.30116358658453113,6,2002,-1.295,42.01,mecon,1.2990734478063315,mecon,12.37944814731977,-3.071416036623799,3.16809045543055,0.14285714285714285,7,15,3,0,0,0,0,0,0,0,0,0,0,0,0,0,0,0,0
KEN,2011-01-31,Kenya,Extended Credit Facility (No Tier),PRGT,2014-01-30,2013-12-19,120,325680000,488520000,488520000,Expired,2011,35.972404730617605,1,1,1,1,0,KENYA,661,6,6,6,0,48,0,1,0,120,4.787491742782046,ECF,0,3.1978097193702943,4,2010,-3.673,36.695,mecon,5.359891144354556,mecon,4.256970937504545,-8.265853262534868,3.75096597496823,0.2,7,5,0,0,0,0,0,0,0,0,0,0,0,0,0,0,0,0,0
KGZ,2005-03-15,Kyrgyz Republic,Extended Credit Facility,PRGT,2008-03-14,2008-05-30,10,8880000,17760000,17760000,Expired,2005,35.972404730617605,1,1,1,1,0,KYRGYZREPUBLIC,554,6,6,6,0,96,20,1,0,10,2.302585092994046,ECF,0,0.0027378507871321,4,2004,-4.892,92.666,mecon,5.649470541882118,mecon,4.108706812512097,-5.094367891913339,5.47946789944654,0.14189189189189189,7,8,0,0,0,0,0,0,0,0,0,0,0,0,0,0,0,0,0
KGZ,2011-06-20,Kyrgyz Republic,Extended Credit Facility (No Tier),PRGT,2014-06-19,2014-07-07,75,66600000,66600000,66600000,Expired,2011,35.972404730617605,1,1,0,1,0,KYRGYZREPUBLIC,671,6,6,6,0,57,0,1,0,75,4.31748811353631,ECF,0,3.055441478439425,5,2010,-5.947,59.699,mecon,6.000396566328248,mecon,19.96240496017161,-8.738629791687561,4.98836083860493,0.14285285285285285,7,13,3,0,0,0,0,0,0,0,0,0,0,0,0,0,0,0,0
KGZ,2015-04-08,Kyrgyz Republic,Extended Credit Facility (No Tier),PRGT,2018-04-07,2018-04-07,75,66600000,66600000,57084000,Expired,2015,35.972404730617605,1,1,0,0.8571171171171171,1,KYRGYZREPUBLIC,726,6,6,5,1,255,0,1,0,75,4.31748811353631,ECF,0,0.7529089664613279,4,2014,-3.068,53.597,mecon,1.6535832311850962,mecon,10.748883691297715,-0,3.45867759795153,0.14285285285285285,7,12,2,0,0,0,0,0,0,0,0,0,0,0,0,0,0,0,0
KNA,2011-07-27,St. Kitts and Nevis,Stand-By Arrangement,GRA,2014-07-26,2014-07-26,590,52510000,52510000,47369000,Expired,2011,35.972404730617605,0,0,0,0.9020948390782708,0,STKITTSANDNEVIS,672,11,11,9,1,221,0,1,0,590,6.380122536899765,SBA,0,1.0239561943874058,0,2010,-4.145,134.9,mecon,1.498742784952034,mecon,4.7325111555243105,-29.540304603019763,3.64846903670639,0.4218244143972577,12,20,4,1,1,0,0,0,0,0,0,0,1,0,0,0,0,0,0
KOS,2010-07-21,Kosovo,Stand-By Arrangement,GRA,2012-01-20,2012-01-20,157,92656000,92656000,18760000,Expired,2010,18.00262812089356,0,0,0,0.20246934898981175,1,KOSOVO,650,5,5,0,1,NA,0,1,0,157,5.056245805348308,SBA,0,1.0239561943874058,0,2009,1.618,6.897,mecon,4.554099999999983,mecon,1.6928638438693522,-6.488685224023153,NA,0.20246934898981175,6,6,4,0,1,0,0,0,0,0,0,0,1,0,0,0,1,0,0
KOS,2012-04-27,Kosovo,Stand-By Arrangement,GRA,2013-12-26,2013-12-26,154.2,90968000,90968000,78216000,Expired,2012,19.97371879106439,0,0,0,0.8598188373933691,1,KOSOVO,684,6,6,5,1,55,0,1,0,154.2,5.038250461129229,SBA,1,0.2683093771389459,1,2011,-1.036,5.569,mecon,3.76000000000003,mecon,0.5599995649852252,-17.860417896649274,NA,0.04673071849441562,7,10,3,0,0,0,0,0,0,0,0,0,0,0,0,0,0,0,0
KOS,2015-07-29,Kosovo,Stand-By Arrangement,GRA,2017-05-28,2017-08-04,250,147500000,147500000,135400000,Expired,2015,21.97766097240473,0,0,0,0.9179661016949152,0,KOSOVO,732,4,4,3,1,316,0,1,0,250,5.521460917862246,SBA,1,1.587953456536619,2,2014,-2.65,11.19,mecon,3.200000000000003,mecon,0.14367969742166142,-7.119731911433223,NA,0.1905084745762712,5,12,1,0,0,0,0,0,0,0,0,0,0,0,0,0,0,0,0
LBR,2008-03-14,Liberia,Extended Credit Facility + Extended Fund Facility,GRA + PRGT,2011-03-13,2012-05-17,450.3,581788309,590668309,590668309,Expired,2008,35.939553219448094,1,1,1,1,0,LIBERIA,590,6,8,8,0,106,0,1,0,450.3,6.109914027307526,Blend,1,22.269678302532512,0,2007,2.277,366.8,mecon,9.558469530507915,mecon,10.579427296687903,-6.488685224023153,0.744375279646856,0.9454098557898898,7,13,0,0,0,0,0,0,0,0,0,0,0,0,0,0,1,0,0
LBR,2012-11-19,Liberia,Extended Credit Facility (No Tier),PRGT,2015-11-18,2017-11-17,40,51680000,111664000,111664000,Expired,2012,35.939553219448094,1,1,1,1,0,LIBERIA,693,6,8,8,0,401,0,1,0,40,3.688879454113936,ECF,0,0.5092402464065708,1,2011,-4.392,22.519,mecon,8.893910264358663,mecon,6.577283705257009,-52.41722510636548,2.30706901761288,0.1428405572755418,7,13,0,0,0,0,0,0,0,0,0,0,0,0,0,0,0,0,0
LKA,2003-04-18,Sri Lanka,Extended Credit Facility + Extended Fund Facility,GRA + PRGT,2006-04-17,2006-04-17,100,413400000,413400000,59060000,Expired,2003,35.972404730617605,1,1,0,0.1428640541848089,1,SRILANKA,504,6,6,0,1,NA,0,1,0,100,4.605170185988092,Blend,0,0.5776865160848734,3,2002,-6.904,96.301,mecon,5.499998241675308,wdi,9.55103167007251,-2.413325820981658,2.76244828857589,0.14285714285714285,7,11,1,0,0,0,0,0,0,0,0,0,0,0,0,0,0,0,0
LKA,2009-07-24,Sri Lanka,Stand-By Arrangement,GRA,2011-03-23,2012-07-23,400,1653600000,1653600000,1653600000,Expired,2009,19.94086727989487,0,0,0,1,0,SRILANKA,620,7,10,8,1,210,0,1,0,400,5.991464547107982,SBA,1,3.268993839835729,3,2008,-5.93,68.782,mecon,2.9999964761305176,mecon,4.600220292124257,-1.157329661609194,1.85908918664799,0.125,8,14,6,0,0,0,0,0,0,0,0,0,0,0,0,0,0,0,0
LKA,2016-06-03,Sri Lanka,Extended Fund Facility,GRA,2019-06-02,2020-06-02,185,1070780000,1070780000,952230000,Expired,2016,35.939553219448094,0,1,0,0.8892863146491343,1,SRILANKA,738,6,7,6,1,88,0,1,0,185,5.220355825078324,EFF,0,3.863107460643395,3,2015,-6.639,76.334,mecon,4.999999999999893,mecon,4.087347391786622,-0,3.48457714580902,0.11196884514092532,7,23,4,0,0,0,0,0,0,0,0,0,0,0,0,0,0,0,0
LSO,2010-06-02,Lesotho,Extended Credit Facility (No Tier),PRGT,2013-06-01,2013-09-17,120,41880000,50605000,50605000,Expired,2010,35.972404730617605,1,1,1,1,0,LESOTHO,641,6,6,6,0,229,0,1,0,120,4.787491742782046,ECF,0,5.585215605749487,2,2009,-4.157,35.87,mecon,5.628107420333883,mecon,6.300000000000017,-22.02238511061405,8.2990450764628,0.1862464183381089,7,6,0,0,0,0,0,0,0,0,0,0,0,0,0,0,0,0,0
LVA,2008-12-23,"Latvia, Republic of",Stand-By Arrangement,GRA,2011-03-22,2011-12-22,1200,1521626000,1521626000,982240000,Expired,2008,26.9053876478318,0,0,0,0.6455199898003846,1,LATVIA,605,9,9,5,1,193,0,1,0,1200,7.090076835776092,SBA,1,13.779603011635864,2,2007,0.627,8.997,mecon,-2.009911325754532,mecon,15.47903170814864,-14.052819897158194,3.37048691029073,0.3518479081054505,10,13,3,0,0,0,0,0,0,0,0,0,0,0,0,0,0,0,0
MDA,2006-05-05,"Moldova, Republic of",Extended Credit Facility,PRGT,2009-05-04,2009-05-04,65,80080000,110880000,88000000,Expired,2006,35.972404730617605,1,1,1,0.7936507936507936,1,MOLDOVA,567,6,6,4,1,93,0,1,0,65,4.174387269895637,ECF,1,2.3737166324435317,4,2005,1.441,40.421,mecon,6.000000000000005,mecon,9.40000000000001,-5.357146210291465,2.68230676351578,0.14285714285714285,7,23,6,0,0,0,0,0,0,0,0,0,0,0,0,0,0,0,0
MDA,2010-01-29,"Moldova, Republic of",Extended Credit Facility (No Tier) + Extended Fund Facility,GRA + PRGT,2013-01-28,2013-04-30,300,369600000,369600000,320000000,Expired,2010,35.972404730617605,1,1,0,0.8658008658008658,1,MOLDOVA,630,6,6,5,1,96,0,1,0,300,5.703782474656201,Blend,1,0.7392197125256673,5,2009,-6.383,32.612,mecon,1.4999999999999902,mecon,6.184875354892805,-10.176148650414746,4.46708447443557,0.16233766233766234,7,10,6,0,0,0,0,0,0,0,0,0,0,0,0,0,0,0,0
MDA,2016-11-07,"Moldova, Republic of",Extended Credit Facility (No Tier) + Extended Fund Facility,GRA + PRGT,2019-11-06,2020-03-19,75,129400000,129400000,129400000,Expired,2016,35.939553219448094,1,1,0,1,0,MOLDOVA,749,5,6,6,0,365,0,1,0,75,4.31748811353631,Blend,1,3.5236139630390144,3,2015,-1.93,42.096,mecon,1.9999999999997575,mecon,6.864862219224799,-0,4.34970231526564,0.20092735703245748,6,28,16,0,0,0,0,0,0,0,0,0,0,0,0,0,0,0,0
MDG,2006-07-21,Madagascar,Extended Credit Facility,PRGT,2009-07-20,2009-07-20,45,54990000,73320000,53030000,Expired,2006,35.972404730617605,1,1,1,0.7232678668848882,1,MADAGASCAR,571,6,6,4,1,224,0,1,0,45,3.80666248977032,ECF,0,1.3880903490759753,5,2005,-2.475,74.366,mecon,4.740016310337136,mecon,11.20605598537663,-10.45720002853096,2.51672910038041,0.14286233860701944,7,17,7,0,0,0,0,0,0,0,0,0,0,0,0,0,0,0,0
MDG,2016-07-27,Madagascar,Extended Credit Facility (No Tier),PRGT,2019-11-26,2020-02-06,180,220000000,250550000,250550000,Expired,2016,39.98028909329829,1,1,1,1,0,MADAGASCAR,742,6,6,6,0,152,0,1,0,180,5.19295685089021,ECF,1,7.019849418206708,3,2015,-2.85,44.062,mecon,4.1383948014340755,mecon,6.73732239262792,-0,2.51688244186168,0.14285454545454546,7,14,3,0,0,0,0,0,0,0,0,0,0,0,0,0,0,0,0
MDV,2009-12-04,Maldives,Stand-By Arrangement,GRA,2012-12-03,2012-12-03,600,49200000,49200000,8200000,Expired,2009,35.972404730617605,0,0,0,0.16666666666666666,1,MALDIVES,624,11,11,1,1,1,0,1,0,600,6.396929655216146,SBA,0,1.0239561943874058,0,2008,-9.925,38.958,wdi,8.97645459033633,mecon,5.499999999999994,-6.488685224023153,1.21261954149269,0.08928571428571429,12,11,5,0,1,0,0,0,0,0,0,0,1,0,0,0,1,0,0
MKD,2003-04-30,"North Macedonia, Republic of",Stand-By Arrangement,GRA,2004-06-15,2004-08-15,29,20000000,20000000,20000000,Expired,2003,13.534822601839684,0,0,0,1,0,NORTHMACEDONIA,NA,6,NA,NA,NA,NA,NA,1,0,29,3.367295829986474,SBA,1,1.434633812457221,4,2002,-5.242,40.464,wdi,1.49366547202928,wdi,2.31459794083216,-6.488685224023153,4.9652445897107,0.14292779426310584,NA,12,2,NA,0,0,0,1,1,1,1,0,0,0,0,0,1,0,0
MKD,2005-08-31,"North Macedonia, Republic of",Stand-By Arrangement,GRA,2008-08-30,2008-08-30,75,51675000,51675000,10500000,Expired,2005,35.972404730617605,0,0,0,0.20319303338171263,1,NORTHMACEDONIA,562,6,6,3,1,255,0,1,0,75,4.31748811353631,SBA,0,1.0431211498973303,5,2004,0.374,34.58,mecon,3.7495144290621503,wdi,-0.448650206551934,-7.232070968103979,3.99562730754372,0.20319303338171263,13,30,4,0,0,0,0,0,0,0,0,0,0,0,0,0,0,0,0
MLI,2004-06-23,Mali,Extended Credit Facility,PRGT,2007-06-22,2007-11-30,10,9330000,9330000,9330000,Expired,2004,35.939553219448094,1,1,0,1,0,MALI,543,6,6,6,0,248,0,1,0,10,2.302585092994046,ECF,0,0.8843258042436687,5,2003,-1.013,37.68,mecon,4.877200681328153,mecon,2.500000000000213,-6.194985831795455,NA,0.14285714285714285,7,7,2,0,0,0,0,0,0,0,0,0,0,0,0,0,0,0,0
MLI,2008-05-28,Mali,Extended Credit Facility,PRGT,2011-05-27,2011-12-22,30,27990000,52990000,52990000,Expired,2008,35.939553219448094,1,1,1,1,0,MALI,593,6,7,7,0,80,0,1,0,30,3.4011973816621555,ECF,0,0.4928131416837782,5,2007,-2.349,15.637,mecon,5.421563496820192,mecon,2.499999999999991,-7.204366685407654,NA,0.4640943193997856,7,6,1,0,0,0,0,0,0,0,0,0,0,0,0,0,0,0,0
MLI,2011-12-27,Mali,Extended Credit Facility (No Tier),PRGT,2014-12-26,2013-01-10,32.2,30000000,30000000,6000000,Expired,2011,35.972404730617605,1,1,0,0.2,1,MALI,677,6,6,0,1,NA,0,1,0,32.2,3.471966452550362,ECF,0,0.0136892539356605,5,2010,-2.208,21.751,mecon,5.3744504993257,mecon,2.96476551610938,-7.5034559964228755,NA,0.2,7,8,0,1,0,0,0,0,0,0,0,0,0,0,0,0,0,0,0
MLI,2013-12-18,Mali,Extended Credit Facility (No Tier),PRGT,2016-12-17,2018-12-17,32.2,30000000,186600000,186600000,Expired,2013,35.972404730617605,1,1,1,1,0,MALI,707,6,10,10,0,214,0,1,0,32.2,3.471966452550362,ECF,1,0.9363449691991786,5,2012,-0.804,21.335,mecon,5.131431067872594,mecon,0.2528845944277158,-6.886709550450382,NA,0.2,7,5,0,0,0,0,0,0,0,0,0,0,0,0,0,0,0,0,0
MNG,2009-04-01,Mongolia,Stand-By Arrangement,GRA,2010-10-01,2010-10-01,300,153300000,153300000,122640000,Expired,2009,18.00262812089356,0,0,0,0.8,1,MONGOLIA,613,6,6,6,0,85,0,1,0,300,5.703782474656201,SBA,1,3.668720054757016,4,2008,-4.521,30.992,mecon,2.652092175468046,mecon,10.06999999999998,-6.488685224023153,1.99198261172605,0.3333333333333333,7,10,3,0,0,0,0,0,0,0,0,0,0,0,0,0,0,0,0
MOZ,2004-07-06,Mozambique,Extended Credit Facility,PRGT,2007-07-05,2007-07-05,10,11360000,11360000,11360000,Expired,2004,35.939553219448094,1,1,0,1,0,MOZAMBIQUE,544,6,6,6,0,73,0,1,0,10,2.302585092994046,ECF,0,1.026694045174538,3,2003,-2.636,63.157,mecon,8.38880000000004,mecon,11.471691548217322,-13.084933198252871,NA,0.1426056338028169,7,12,0,0,0,0,0,0,0,0,0,0,0,0,0,0,0,0,0
MOZ,2015-12-18,Mozambique,Standby Credit Facility (No Tier),PRGT,2017-06-17,2017-06-17,180,204480000,204480000,85200000,Expired,2015,17.969776609724047,1,0,0,0.4166666666666667,1,MOZAMBIQUE,733,3,3,0,1,NA,0,1,0,180,5.19295685089021,SCF,0,8.454483230663929,3,2014,-9.753,63.403,mecon,6.499999999999995,mecon,5.599999999999827,-33.09962347813333,3.23781037939398,0.4166666666666667,4,3,0,0,0,0,0,0,0,0,0,0,0,0,0,0,0,0,0
MRT,2003-07-18,Mauritania,Extended Credit Facility,PRGT,2006-07-17,2004-11-07,10,6440000,6440000,920000,Expired,2003,35.972404730617605,1,1,0,0.14285714285714285,1,MAURITANIA,525,6,6,0,1,NA,0,1,0,10,2.302585092994046,ECF,0,0.5749486652977412,7,2002,-2.5164999999999997,59.452,mecon,5.285673327999496,mecon,4.0000000000000036,-5.495685881686314,NA,0.14285714285714285,7,13,3,1,0,0,0,0,0,0,0,0,0,0,0,0,0,0,1
MRT,2006-12-18,Mauritania,Extended Credit Facility,PRGT,2009-12-17,2009-11-01,25,16100000,16100000,10310000,Expired,2006,35.972404730617605,1,1,0,0.6403726708074534,1,MAURITANIA,574,6,6,3,1,21,0,1,0,25,3.218875824868201,ECF,1,2.11088295687885,6,2005,-3.158,71.059,mecon,13.900589994656157,mecon,6.411258795934316,-3.0813896963587686,NA,0.28074534161490683,7,9,1,1,0,0,0,0,0,0,0,0,0,0,0,0,0,0,0
MRT,2010-03-15,Mauritania,Extended Credit Facility (No Tier),PRGT,2013-03-14,2013-06-25,120,77280000,77280000,77280000,Expired,2010,35.972404730617605,1,1,0,1,0,MAURITANIA,634,6,6,6,0,83,0,1,0,120,4.787491742782046,ECF,1,0.3668720054757016,5,2009,-3.592,54.344,mecon,4.576799271458132,wdi,2.22092032381779,-11.801619145693454,NA,0.14285714285714285,7,6,0,0,0,0,0,0,0,0,0,0,0,0,0,0,0,0,0
MWI,2005-08-05,Malawi,Extended Credit Facility,PRGT,2008-08-04,2008-07-28,55,38170000,48580000,48580000,Expired,2005,35.972404730617605,1,1,1,1,0,MALAWI,559,6,6,6,0,200,0,1,0,55,4.007333185232471,ECF,1,0.6242299794661191,5,2004,-2.613,74.661,mecon,2.088495111208588,mecon,12.25000000000005,-5.957873679765644,1.38480300216224,0.1419701336127849,7,11,2,0,0,0,0,0,0,0,0,0,0,0,0,0,0,0,0
MWI,2010-02-19,Malawi,Extended Credit Facility (No Tier),PRGT,2013-02-18,2012-07-22,75,52050000,52050000,13880000,Expired,2010,35.972404730617605,1,1,0,0.26666666666666666,1,MALAWI,632,6,6,1,1,35,0,1,0,75,4.31748811353631,ECF,0,1.5633127994524298,4,2009,-2.969,23.487,mecon,5.957993266810524,mecon,10.10625468180606,-0,0.830208688439595,0.13333333333333336,7,8,4,1,0,0,0,0,0,0,0,0,0,0,0,0,0,0,0
MWI,2012-07-23,Malawi,Extended Credit Facility (No Tier),PRGT,2015-07-22,2017-06-29,150,104100000,138800000,138800000,Expired,2012,35.939553219448094,1,1,1,1,0,MALAWI,689,7,9,9,0,281,0,1,0,150,5.0106352940962555,ECF,1,0.0027378507871321,5,2011,-2.85,19.983,mecon,4.313822553197588,mecon,18.36006507197696,-0,0.798481321468289,0.1250720461095101,8,13,1,0,0,0,0,0,0,0,0,0,0,0,0,0,0,0,0
NER,2005-01-31,Niger,Extended Credit Facility,PRGT,2008-01-30,2008-05-30,10,6580000,26320000,26320000,Expired,2005,35.939553219448094,1,1,1,1,0,NIGER,551,6,6,6,0,158,0,1,0,10,2.302585092994046,ECF,0,0.5886379192334018,6,2004,-2.764,55.05,mecon,4.099585676275663,mecon,2.0000000000003126,-6.365487817504473,NA,0.14285714285714285,7,9,1,0,0,0,0,0,0,0,0,0,0,0,0,0,0,0,0
NER,2008-06-02,Niger,Extended Credit Facility,PRGT,2011-06-01,2011-06-01,35,23030000,23030000,13160000,Expired,2008,35.939553219448094,1,1,0,0.5714285714285714,1,NIGER,595,6,6,3,1,135,0,1,0,35,3.5553480614894135,ECF,0,0.0082135523613963,5,2007,-0.747,17.83,mecon,4.437990451392304,mecon,5.099999999999993,-9.604295106095105,NA,0.14285714285714285,7,5,0,0,0,0,0,0,0,0,0,0,0,0,0,0,0,0,0
NER,2012-03-16,Niger,Extended Credit Facility (No Tier),PRGT,2015-03-15,2016-12-31,120,78960000,120085000,107745000,Expired,2012,35.939553219448094,1,1,1,0.8972394553857684,1,NIGER,681,6,9,8,1,334,0,1,0,120,4.787491742782046,ECF,1,0.7912388774811773,5,2011,-2.194,14.747,mecon,13.383817671696765,mecon,4.499999999999704,-26.54103606838736,NA,0.14285714285714285,7,7,0,0,0,0,0,0,0,0,0,0,0,0,0,0,0,0,0
NIC,2002-12-13,Nicaragua,Extended Credit Facility,PRGT,2005-12-12,2006-12-12,75,97500000,97500000,97500000,Expired,2002,35.972404730617605,1,1,0,1,0,NICARAGUA,527,8,11,11,0,414,9,1,0,75,4.31748811353631,ECF,1,0.7419575633127995,3,2001,0.341,87.476,mecon,3.500000000000014,mecon,4.500000000000126,-24.199999999999974,2.04693437488109,0.07143589743589744,9,17,3,0,0,0,0,0,0,0,0,0,0,0,0,0,0,0,0
NIC,2007-10-05,Nicaragua,Extended Credit Facility,PRGT,2010-10-04,2011-10-31,55,71500000,78000000,78000000,Expired,2007,35.972404730617605,1,1,1,1,0,NICARAGUA,586,6,7,7,0,322,0,1,0,55,4.007333185232471,ECF,0,0.813141683778234,4,2006,1.363,51.156,mecon,4.160779061347886,mecon,8.210000000000006,-15.782407923466762,2.73612527979464,0.16643356643356644,7,11,0,0,0,0,0,0,0,0,0,0,0,0,0,0,0,0,0
NPL,2003-11-19,Nepal,Extended Credit Facility,PRGT,2006-11-18,2007-11-18,70,49900000,49900000,49900000,Expired,2003,35.972404730617605,1,1,0,1,0,NEPAL,526,6,6,5,1,664,0,1,0,70,4.248495242049359,ECF,1,8.125941136208077,2,2002,-2.464,51.815,mecon,2.300000000000213,mecon,4.700000000000015,-0.9945503797841424,7.40748968632561,0.14285714285714288,7,21,4,0,0,0,0,0,0,0,0,0,0,0,0,0,0,0,0
PAK,2008-11-24,Pakistan,Stand-By Arrangement,GRA,2010-10-23,2011-09-30,500,5168500000,7235900000,4936035000,Expired,2008,22.93035479632063,0,0,1,0.6821590956204481,1,PAKISTAN,604,7,7,4,1,75,0,1,0,500,6.214608098422191,SBA,1,3.969883641341547,7,2007,-4.234,44.209,mecon,5.8000000192208745,mecon,11.999999988450403,-8.373019205050413,4.44077791912762,0.4,8,12,3,0,0,0,0,0,0,0,0,0,0,0,0,0,0,0,0
PAK,2013-09-04,Pakistan,Extended Fund Facility,GRA,2016-09-03,2016-09-30,425,4393000000,4393000000,4393000000,Expired,2013,35.972404730617605,0,1,0,1,0,PAKISTAN,703,12,12,12,0,106,0,1,0,425,6.052089168924417,EFF,1,1.9301848049281312,7,2012,-7.743,58.364,mecon,3.587086442596332,mecon,7.360532291714517,-0,3.10654658664889,0.08194855451855224,13,16,5,0,0,0,0,0,0,0,0,0,0,0,0,0,0,0,0
PRT,2011-05-20,Portugal,Extended Fund Facility,GRA,2014-05-19,2014-06-30,2305.7,23742000000,23742000000,22942000000,Expired,2011,35.972404730617605,0,1,0,0.9663044393901103,0,PORTUGAL,670,12,12,11,1,116,0,1,0,2305.7,7.743139596962568,EFF,1,26.220396988364133,0,2010,-11.418,100.075,mecon,-2.220177309868898,mecon,3.4688007731150883,-9.023665102647458,2.17009469974558,0.2363322382276135,13,22,5,0,0,0,0,0,0,0,0,0,0,0,0,0,0,0,0
ROM,2009-05-04,Romania,Stand-By Arrangement,GRA,2011-05-03,2011-03-30,1110.8,11443000000,11443000000,10569000000,Expired,2009,23.94875164257556,0,0,0,0.9236214279472168,0,ROMANIA,617,7,7,7,0,66,0,1,0,1110.8,7.012835755432644,SBA,0,5.552361396303901,6,2008,-4.605,13.004,mecon,-4.142187917932727,mecon,5.948674284220057,-7.967119009842018,NA,0.3818928602639168,8,7,0,1,0,0,0,0,0,0,0,0,0,0,0,0,0,0,0
RWA,2002-08-12,Rwanda,Extended Credit Facility,PRGT,2005-08-11,2006-06-11,5,4000000,4000000,4000000,Expired,2002,35.972404730617605,1,1,0,1,0,RWANDA,529,6,6,6,0,193,0,1,0,5,1.6094379124341005,ECF,1,0.28473648186173856,1,2001,-1.827,85.231,mecon,5.759332807864137,mecon,3.0000000000000915,-8.292556777876444,NA,0.14350000000000002,7,17,5,0,0,0,0,0,0,0,0,0,0,0,0,0,0,0,0
RWA,2006-06-12,Rwanda,Extended Credit Facility,PRGT,2009-06-11,2009-08-07,10,8010000,8010000,8010000,Expired,2006,35.972404730617605,1,1,0,1,0,RWANDA,569,6,6,6,0,137,7,1,0,10,2.302585092994046,ECF,0,0.0027378507871321,2,2005,1.14,59.786,mecon,2.9982361726403894,mecon,5.499999999999972,-10.789790024205352,NA,0.14232209737827714,7,9,1,0,0,0,0,0,0,0,0,0,0,0,0,0,0,0,0
SEN,2003-04-28,Senegal,Extended Credit Facility,PRGT,2006-04-27,2006-04-27,15,24270000,24270000,24270000,Expired,2003,35.972404730617605,1,1,0,1,0,SENEGAL,530,6,6,4,1,311,0,1,0,15,2.70805020110221,ECF,0,1.0239561943874058,8,2002,0.191,51.993,mecon,6.636450951052186,mecon,1.9999999999994469,-5.809809463825544,NA,0.14285714285714285,7,8,2,0,0,0,0,0,0,0,0,0,0,0,0,0,0,0,0
SLB,2010-06-02,Solomon Islands,Standby Credit Facility (No Tier),PRGT,2011-12-01,2011-12-01,120,12480000,12480000,12480000,Expired,2010,17.969776609724047,1,0,0,1,0,SOLOMONISLANDS,640,3,3,3,0,34,0,1,0,120,4.787491742782046,SCF,1,25.94661190965092,0,2009,2.148,17.236,mecon,3.3634616959092645,mecon,4.752508427125091,-30.059860900400256,4.24056096695034,0.25,4,14,3,0,0,0,0,0,0,0,0,0,0,0,0,0,0,0,0
SLB,2012-12-07,Solomon Islands,Extended Credit Facility (No Tier),PRGT,2015-12-06,2016-03-31,10,1040000,1040000,1040000,Expired,2012,35.939553219448094,1,1,0,1,0,SOLOMONISLANDS,695,6,6,6,0,280,0,1,0,10,2.302585092994046,ECF,0,1.0184804928131417,1,2011,6.143,18.103,mecon,5.4848259736498095,mecon,5.998060117424542,-5.774899674228066,6.94032069075004,0.14285673076923078,7,10,0,0,0,0,0,0,0,0,0,0,0,0,0,0,0,0,0
SLE,2006-05-10,Sierra Leone,Extended Credit Facility,PRGT,2009-05-09,2010-06-22,30,31110000,51880000,51880000,Expired,2006,35.972404730617605,1,1,1,1,0,SIERRALEONE,573,6,6,6,0,403,0,1,0,30,3.4011973816621555,ECF,0,0.8733744010951403,3,2005,-1.167,78.851,mecon,7.382439138867447,mecon,11.68291535543322,-5.882755503430438,4.01717357157078,0.15139826422372227,7,13,10,0,0,0,0,0,0,0,0,0,0,0,0,0,0,0,0
SLE,2010-07-01,Sierra Leone,Extended Credit Facility (No Tier),PRGT,2013-06-30,2013-06-30,30,31110000,31110000,22200000,Expired,2010,35.972404730617605,1,1,0,0.7135969141755063,1,SIERRALEONE,643,6,6,4,1,160,0,1,0,30,3.4011973816621555,ECF,0,0.02464065708418891,3,2009,-1.51,31.07,mecon,4.767723473380725,mecon,15.618165330668663,-8.97580758771441,6.10085505782486,0.14271938283510124,7,8,0,0,0,0,0,0,0,0,0,0,0,0,0,0,0,0,0
SLE,2013-10-21,Sierra Leone,Extended Credit Facility (No Tier),PRGT,2016-10-20,2016-12-14,60,62220000,186660000,186660000,Expired,2013,35.972404730617605,1,1,1,1,0,SIERRALEONE,705,6,6,6,0,154,0,1,0,60,4.0943445622221,ECF,1,0.30937713894592744,4,2012,-3.413,24.064,mecon,13.314494034120283,mecon,10.336883327212409,-0,2.13293395011697,0.14288010286081643,7,22,2,0,0,0,0,0,0,0,0,0,0,0,0,0,0,0,0
STP,2005-08-01,Sao Tome & Principe,Extended Credit Facility,PRGT,2008-07-31,2008-07-03,40,2960000,2960000,2960000,Expired,2005,35.972404730617605,1,1,0,1,0,SAOTOMEANDPRINCIPE,561,6,6,6,0,33,0,1,0,40,3.688879454113936,ECF,1,2.2642026009582477,1,2004,-25.115,354.452,mecon,3.1998387145652396,mecon,15.066171003717454,-48.16648981959975,4.068051199407,0.14285714285714285,7,12,2,0,0,0,0,0,0,0,0,0,0,0,0,0,0,0,0
STP,2009-03-02,Sao Tome & Principe,Extended Credit Facility,PRGT,2012-03-01,2012-03-01,35,2590000,2590000,740000,Expired,2009,35.972404730617605,1,1,0,0.2857142857142857,1,SAOTOMEANDPRINCIPE,610,6,6,1,1,155,0,1,0,35,3.5553480614894135,ECF,0,0.6625598904859685,2,2008,13.648,60.673,mecon,24.45465289700868,mecon,18.055773960675523,-0,6.36232780873408,0.14285714285714288,7,17,2,0,0,0,0,0,0,0,0,0,0,0,0,0,0,0,0
STP,2012-07-20,Sao Tome & Principe,Extended Credit Facility (No Tier),PRGT,2015-07-19,2015-07-13,35,2590000,2590000,1110000,Expired,2012,35.939553219448094,1,1,0,0.42857142857142855,1,SAOTOMEANDPRINCIPE,688,6,6,2,1,62,0,1,0,35,3.5553480614894135,ECF,1,0.3860369609856263,3,2011,-13.025,86.018,mecon,4.499999999999238,mecon,9.581821467286478,-0,4.18749313477405,0.14285714285714288,7,8,0,1,0,0,0,0,0,0,0,0,0,0,0,0,0,0,0
STP,2015-07-13,Sao Tome & Principe,Extended Credit Facility (No Tier),PRGT,2018-07-12,2018-12-31,60,4440000,4440000,3805710,Expired,2015,35.972404730617605,1,1,0,0.8571418918918919,1,SAOTOMEANDPRINCIPE,731,6,6,5,1,240,0,1,0,60,4.0943445622221,ECF,1,0,4,2014,-6.274,92.505,mecon,5.000000000000204,mecon,5.833246063810527,-0,3.24361050346013,0.142856981981982,7,9,1,0,0,0,0,0,0,0,0,0,0,0,0,0,0,0,0
SUR,2016-05-27,Suriname,Stand-By Arrangement,GRA,2018-05-26,2017-04-16,265.3,342000000,342000000,58000000,Expired,2016,23.94875164257556,0,0,0,0.1695906432748538,1,SURINAME,737,7,7,0,1,NA,0,1,0,265.3,5.580861261143694,SBA,0,1.0239561943874058,0,2015,-8.291,41.175,mecon,-2.000000000000013,mecon,36.81609099770551,-8.731454205955393,1.46264722982037,0.1695906432748538,8,27,5,0,1,0,0,0,0,0,0,0,1,0,0,0,0,0,0
SYC,2008-11-14,Seychelles,Stand-By Arrangement,GRA,2010-11-13,2009-12-22,200,17600000,17600000,11000000,Expired,2008,23.94875164257556,0,0,0,0.625,1,SEYCHELLES,601,7,7,3,1,3,0,1,0,200,5.298317366548036,SBA,0,1.0239561943874058,0,2007,-9.929,143.997,mecon,3.0999999999999472,mecon,32.204367717193946,-28.78493176673168,0.478185271390481,0.35,8,4,0,1,1,0,0,0,0,0,0,0,1,0,0,0,0,0,0
SYC,2009-12-23,Seychelles,Extended Fund Facility,GRA,2012-12-22,2013-12-22,225,19800000,26400000,26400000,Expired,2009,35.972404730617605,0,1,1,1,0,SEYCHELLES,626,5,8,8,0,80,0,1,0,225,5.41610040220442,EFF,1,0.0027378507871321,1,2008,7.882,192.102,mecon,4.011116016119587,mecon,2.292573080186955,-32.70880079587058,0.657866134156357,0.04444444444444444,12,10,0,0,0,0,0,0,0,0,0,0,0,0,0,0,0,0,0
SYC,2014-06-04,Seychelles,Extended Fund Facility,GRA,2017-06-03,2017-06-03,105,11445000,11445000,11445000,Expired,2014,35.972404730617605,0,1,0,1,0,SEYCHELLES,712,6,6,6,0,286,0,1,0,105,4.653960350157523,EFF,0,0.4490075290896646,2,2013,0.329,68.199,mecon,3.6690911680060663,mecon,3.6035358897313463,-0,3.07055063859826,0.14285714285714285,7,7,0,0,0,0,0,0,0,0,0,0,0,0,0,0,0,0,0
TCD,2005-02-16,Chad,Extended Credit Facility,PRGT,2008-02-15,2008-05-31,45,25200000,25200000,4200000,Expired,2005,35.939553219448094,1,1,0,0.16666666666666666,1,CHAD,553,6,6,0,1,NA,0,1,0,45,3.80666248977032,ECF,1,1.1991786447638604,3,2004,-1.84,25.157,mecon,12.722882117212553,mecon,2.987207883198484,-7.486634939525545,NA,0.16666666666666669,7,11,5,0,0,0,0,0,0,0,0,0,0,0,0,0,0,0,0
TCD,2014-08-01,Chad,Extended Credit Facility (No Tier),PRGT,2017-07-31,2017-06-29,120,79920000,140200000,98340000,Expired,2014,35.972404730617605,1,1,1,0.7014265335235378,1,CHAD,717,6,6,4,1,270,0,1,0,120,4.787491742782046,ECF,1,6.168377823408624,3,2013,-1.502,22.285,mecon,9.636963481043791,mecon,2.8035199750798157,-0,NA,0.16654154154154155,7,5,0,1,0,0,0,0,0,0,0,0,0,0,0,0,0,0,0
TGO,2008-04-21,Togo,Extended Credit Facility,PRGT,2011-04-20,2011-07-26,90,66060000,95410000,95410000,Expired,2008,35.939553219448094,1,1,1,1,0,TOGO,592,6,6,6,0,79,0,1,0,90,4.499809670330265,ECF,1,9.81245722108145,2,2007,-1.833,70.504,mecon,3.0000000000000027,mecon,4.0510921060196825,-7.853520747154579,NA,0.20072661217075383,7,9,2,0,0,0,0,0,0,0,0,0,0,0,0,0,0,0,0
TJK,2002-12-11,"Tajikistan, Republic of",Extended Credit Facility,PRGT,2005-12-10,2006-02-10,74.7,65000000,65000000,65000000,Expired,2002,35.972404730617605,1,1,0,1,0,TAJIKISTAN,502,6,6,6,0,93,0,1,0,74.7,4.3134800921387715,ECF,1,0.9637234770704995,2,2001,-2.115,99.449,mecon,6.9996246850034805,mecon,10.700000671662613,-4.222852770940058,NA,0.12307692307692308,7,14,5,0,0,0,0,0,0,0,0,0,0,0,0,0,0,0,0
TJK,2009-04-21,"Tajikistan, Republic of",Extended Credit Facility,PRGT,2012-04-20,2012-05-09,90,78300000,104400000,104400000,Expired,2009,35.972404730617605,1,1,1,1,0,TAJIKISTAN,615,6,6,6,0,265,0,1,0,90,4.499809670330265,ECF,0,3.19233401779603,3,2008,1.942,30.229,mecon,1.9999999999996243,mecon,11.87373504802014,-9.69082826348558,0.495935573940884,0.3332822555930126,7,16,5,0,0,0,0,0,0,0,0,0,0,0,0,0,0,0,0
TUN,2013-06-07,Tunisia,Stand-By Arrangement,GRA,2015-06-06,2015-12-31,400,1146000000,1146000000,1002750000,Expired,2013,23.94875164257556,0,0,0,0.875,1,TUNISIA,699,8,8,6,1,199,0,1,0,400,5.991464547107982,SBA,0,20.870636550308006,0,2012,-4.899,49.04,mecon,3.999999999999982,mecon,6.000000000000005,-0,3.67437262137286,0.0862129144851658,9,14,0,0,0,0,0,0,0,0,0,0,0,0,0,0,0,0,0
TUR,2002-02-04,"Türkiye, Republic of",Stand-By Arrangement,GRA,2004-12-31,2005-02-03,1330,12821200000,12821200000,11914000000,Expired,2002,34.85545335085414,0,0,0,0.9292421926184756,0,TRKIYE,NA,6,NA,NA,NA,NA,NA,1,0,1330,7.1929342212158,SBA,1,0,4,2001,-11.643,75.571,wdi,-5.45940838563062,wdi,54.4001887619074,-6.488685224023153,4.59996500318701,0.14292779426310584,NA,12,2,NA,0,0,0,1,1,1,1,0,0,0,0,0,1,0,0
TUR,2005-05-11,"Türkiye, Republic of",Stand-By Arrangement,GRA,2008-05-10,2008-05-10,691.1,6662040000,6662040000,6662040000,Expired,2005,35.972404730617605,0,0,0,1,0,TRKIYE,NA,6,NA,NA,NA,NA,NA,1,0,691.1,6.538284531097348,SBA,0,0.2655715263518138,3,2004,-4.109,57.045,wdi,9.92540551918624,wdi,8.59826168115262,-6.488685224023153,4.07383655222626,0.14292779426310584,NA,12,2,NA,0,0,0,1,1,1,1,0,0,0,0,0,1,0,0
TZA,2003-08-16,Tanzania,Extended Credit Facility,PRGT,2006-08-15,2007-02-26,9.9,19600000,19600000,19600000,Expired,2003,35.972404730617605,1,1,0,1,0,TANZANIA,534,6,6,6,0,169,0,1,0,9.9,2.2925347571405443,ECF,0,0.0027378507871321,4,2002,-0.727,47.371,mecon,5.969250835985385,mecon,4.193398631111922,-3.671813459665468,8.07810300091072,0.14285714285714288,7,9,1,0,0,0,0,0,0,0,0,0,0,0,0,0,0,0,0
UGA,2002-09-13,Uganda,Extended Credit Facility,PRGT,2005-09-12,2006-01-31,7.5,13500000,13500000,13500000,Expired,2002,35.972404730617605,1,1,0,1,0,UGANDA,501,6,6,6,0,84,0,1,0,7.5,2.0149030205422647,ECF,0,1.4537987679671458,4,2001,-0.994,51.352,mecon,5.725913788406678,mecon,-1.7903885179847645,-12.359884060309296,7.15515564972676,0.1111111111111111,7,8,0,0,0,0,0,0,0,0,0,0,0,0,0,0,0,0,0
UKR,2008-11-05,Ukraine,Stand-By Arrangement,GRA,2010-11-04,2010-07-28,801.7,11000000000,11000000000,7000000000,Expired,2008,23.94875164257556,0,0,0,0.6363636363636364,1,UKRAINE,599,8,8,2,1,82,0,1,0,801.7,6.686734473048906,SBA,1,6.1738535249828885,4,2007,-1.895,11.815,mecon,6.026304735191679,mecon,25.610941860143654,-6.158247644562633,5.27777765107755,0.2727272727272727,9,14,4,1,0,0,0,0,0,0,0,0,0,0,0,0,0,0,0
UKR,2010-07-28,Ukraine,Stand-By Arrangement,GRA,2012-12-27,2012-12-27,728.9,10000000000,10000000000,2250000000,Expired,2010,29.00788436268068,0,0,0,0.225,1,UKRAINE,652,9,9,1,1,22,0,1,0,728.9,6.591536548388167,SBA,1,0,5,2009,-6.041,34.121,mecon,3.7135853611177216,mecon,9.935000358346691,-0.7282125633032044,5.20467174195941,0.125,10,15,5,0,0,0,0,0,0,0,0,0,0,0,0,0,0,0,0
UKR,2014-04-30,Ukraine,Stand-By Arrangement,GRA,2016-04-29,2015-03-10,800,10976000000,10976000000,2972670000,Expired,2014,23.98160315374507,0,0,0,0.2708336370262391,1,UKRAINE,711,8,8,1,1,35,0,1,0,800,6.684611727667927,SBA,1,1.3388090349075976,6,2013,-4.604,38.99,mecon,-5.000000999999854,mecon,8.34165477969815,-6.488685224023153,2.26497151246287,0.1875,9,20,12,1,0,0,0,0,0,0,0,0,0,0,0,0,1,0,0
UKR,2015-03-11,Ukraine,Extended Fund Facility,GRA,2019-03-10,2018-12-17,900,12348000000,12348000000,6178260000,Expired,2015,47.96320630749014,0,1,0,0.5003449951409135,1,UKRAINE,724,15,15,3,1,365,0,1,0,900,6.802394763324311,EFF,1,0.0027378507871321,7,2014,-4.46,70.317,mecon,-5.54779027901795,mecon,33.47864858107095,-0,1.17372014826907,0.28717201166180756,16,21,7,1,0,0,0,0,0,0,0,0,0,0,0,0,0,0,0
URY,2002-04-01,Uruguay,Stand-By Arrangement,GRA,2004-03-31,2005-03-31,193.8,594100000,1988500000,1988500000,Expired,2002,23.98160315374507,0,0,1,1,0,URUGUAY,535,5,10,7,1,143,0,1,0,193.8,5.266826699456666,SBA,0,0.0027378507871321,6,2001,-2.852,39.41,mecon,2.5000000000000133,mecon,9.499999999999996,-2.199999999999954,8.04629718408237,0.20636256522470964,8,10,0,0,0,0,0,0,0,0,0,0,0,0,0,0,0,0,0
URY,2005-06-08,Uruguay,Stand-By Arrangement,GRA,2008-06-07,2006-12-27,250,766250000,766250000,263590000,Expired,2005,35.972404730617605,0,0,0,0.344,1,URUGUAY,558,12,12,6,1,113,0,1,0,250,5.521460917862246,SBA,0,0.188911704312115,6,2004,-0.868,73.676,mecon,6.000000000000005,mecon,5.161005883397651,-2.796323772154435,6.3615762853477,0.04,13,15,4,1,0,0,0,0,0,0,0,0,0,0,0,0,0,0,0
YFR,2002-05-14,"Serbia, Republic of",Extended Fund Facility,GRA,2005-05-13,2006-02-28,139,650000000,650000000,650000000,Expired,2002,35.972404730617605,0,1,0,1,0,SERBIA,NA,6,NA,NA,NA,NA,NA,1,0,139,4.9344739331306915,EFF,0,0.0027378507871321,1,2001,0.325,95.891,missing,4.313822553197588,missing,5.499999999999994,-6.488685224023153,NA,0.14292779426310584,NA,12,2,NA,0,0,0,1,1,1,1,0,0,0,1,1,1,0,0
YFR,2009-01-16,"Serbia, Republic of",Stand-By Arrangement,GRA,2010-04-15,2011-04-15,75,350775000,2619120000,1367742500,Expired,2009,14.914586070959263,0,0,1,0.5222145224350163,1,SERBIA,606,2,8,7,1,42,0,1,0,75,4.31748811353631,SBA,0,2.8829568788501025,2,2008,-4.255,29.414,mecon,3.499999999999992,mecon,7.916322246878171,-16.013545808130146,NA,0.6666666666666667,6,5,3,0,0,0,0,0,0,0,0,0,0,0,0,0,0,0,0
YMN,2010-07-30,"Yemen, Republic of",Extended Credit Facility (No Tier),PRGT,2013-07-29,2012-04-04,100,243500000,243500000,34790000,Expired,2010,35.972404730617605,1,1,0,0.1428747433264887,1,YEMEN,653,6,6,0,1,NA,0,1,0,100,4.605170185988092,ECF,1,8.752908966461328,2,2009,-2.5164999999999997,52.9215,mecon,8.016083274335983,mecon,9.76544195025042,-5.186061758381623,NA,0.1428747433264887,7,5,2,1,0,0,0,0,0,0,0,0,0,0,0,0,0,1,1
YMN,2014-09-02,"Yemen, Republic of",Extended Credit Facility (No Tier),PRGT,2017-09-01,2016-03-01,150,365250000,365250000,48750000,Expired,2014,35.972404730617605,1,1,0,0.13347022587268997,1,YEMEN,718,6,6,0,1,NA,0,1,0,150,5.0106352940962555,ECF,1,2.412046543463381,3,2013,-2.5164999999999997,52.9215,mecon,1.9075425462098616,mecon,-17.689468611733684,-6.488685224023153,NA,0.13347022587268997,7,29,6,1,0,0,0,0,0,0,0,0,0,0,0,0,1,1,1
ZMB,2004-06-16,Zambia,Extended Credit Facility,PRGT,2007-06-15,2007-09-30,45,220095000,220095000,220095000,Expired,2004,35.939553219448094,1,1,0,1,0,ZAMBIA,547,6,6,6,0,175,0,1,0,45,3.80666248977032,ECF,1,1.2210814510609171,4,2003,-5.314,159.458,mecon,3.546791756818979,mecon,18.514905336992115,-13.017478561876754,1.49119423147485,0.3749995456511546,12,11,2,0,0,0,0,0,0,0,0,0,0,0,0,0,0,0,0
ZMB,2008-06-04,Zambia,Extended Credit Facility,PRGT,2011-06-03,2011-06-29,10,48910000,220095000,220095000,Expired,2008,35.939553219448094,1,1,1,1,0,ZAMBIA,594,6,6,6,0,26,0,1,0,10,2.302585092994046,ECF,0,0.6789869952087612,3,2007,-1.037,21.921,mecon,6.2311082713385035,mecon,8.601728423489385,-4.895768808111088,2.19199542115321,0.1428542220404825,7,10,0,0,0,0,0,0,0,0,0,0,0,0,0,0,0,0,0
